database,filename,relative_path,raw_nfiq2,stage1_p1_nfiq2,stage2_p1_p2_nfiq2,stage3_p1_p2_p6_nfiq2,delta_p1,delta_p2,delta_p6,delta_final,processing_status,error,raw_error,stage1_error,stage2_error,stage3_error,shape,dtype,stage_contracts_ok,processing_seconds,scoring_seconds,total_seconds
DB1_B,101_1.tif,data/raw/DB1_B/101_1.tif,65.0,67.0,68.0,65.0,2.0,1.0,-3.0,0.0,success,,,,,,374x388,uint8,True,0.9374429000308737,3.980624799965881,4.922074400004931
DB1_B,101_2.tif,data/raw/DB1_B/101_2.tif,43.0,45.0,46.0,43.0,2.0,1.0,-3.0,0.0,success,,,,,,374x388,uint8,True,0.8289728999952786,4.232474000018556,5.075692899990827
DB1_B,101_3.tif,data/raw/DB1_B/101_3.tif,58.0,54.0,53.0,54.0,-4.0,-1.0,1.0,-4.0,success,,,,,,374x388,uint8,True,1.0420144999516197,4.4144792999722995,5.478387900046073
DB1_B,101_4.tif,data/raw/DB1_B/101_4.tif,30.0,40.0,39.0,39.0,10.0,-1.0,0.0,9.0,success,,,,,,374x388,uint8,True,0.4713836999726482,3.9473609999986365,4.4375046999775805
DB1_B,101_5.tif,data/raw/DB1_B/101_5.tif,25.0,32.0,32.0,32.0,7.0,0.0,0.0,7.0,success,,,,,,374x388,uint8,True,0.34574589994736016,3.624434700002894,3.987968999950681
DB1_B,101_6.tif,data/raw/DB1_B/101_6.tif,86.0,69.0,70.0,67.0,-17.0,1.0,-3.0,-19.0,success,,,,,,374x388,uint8,True,0.8783761999802664,4.4692334000137635,5.362666100030765
DB1_B,101_7.tif,data/raw/DB1_B/101_7.tif,65.0,71.0,73.0,71.0,6.0,2.0,-2.0,6.0,success,,,,,,374x388,uint8,True,0.7469802999985404,4.447786300035659,5.214950900000986
DB1_B,101_8.tif,data/raw/DB1_B/101_8.tif,38.0,39.0,40.0,41.0,1.0,1.0,1.0,3.0,success,,,,,,374x388,uint8,True,0.5751420000451617,4.1169177000410855,4.709613199986052
DB1_B,102_1.tif,data/raw/DB1_B/102_1.tif,66.0,67.0,65.0,75.0,1.0,-2.0,10.0,9.0,success,,,,,,374x388,uint8,True,0.5762915999512188,4.056819399993401,4.644311900017783
DB1_B,102_2.tif,data/raw/DB1_B/102_2.tif,69.0,75.0,76.0,80.0,6.0,1.0,4.0,11.0,success,,,,,,374x388,uint8,True,1.0807119000237435,3.6393571000080556,4.74855670001125
DB1_B,102_3.tif,data/raw/DB1_B/102_3.tif,53.0,50.0,52.0,55.0,-3.0,2.0,3.0,2.0,success,,,,,,374x388,uint8,True,0.7093765000463463,4.024991400016006,4.75477979995776
DB1_B,102_4.tif,data/raw/DB1_B/102_4.tif,84.0,67.0,67.0,73.0,-17.0,0.0,6.0,-11.0,success,,,,,,374x388,uint8,True,0.7545114000095055,4.073625799966976,4.845162200042978
DB1_B,102_5.tif,data/raw/DB1_B/102_5.tif,49.0,49.0,49.0,52.0,0.0,0.0,3.0,3.0,success,,,,,,374x388,uint8,True,0.47168539999984205,4.244845799985342,4.72832809999818
DB1_B,102_6.tif,data/raw/DB1_B/102_6.tif,87.0,77.0,80.0,78.0,-10.0,3.0,-2.0,-9.0,success,,,,,,374x388,uint8,True,0.8677669999888167,4.503410499950405,5.391921000031289
DB1_B,102_7.tif,data/raw/DB1_B/102_7.tif,31.0,38.0,38.0,38.0,7.0,0.0,0.0,7.0,success,,,,,,374x388,uint8,True,0.5003271999885328,4.567657499981578,5.078198799979873
DB1_B,102_8.tif,data/raw/DB1_B/102_8.tif,47.0,41.0,34.0,35.0,-6.0,-7.0,1.0,-12.0,success,,,,,,374x388,uint8,True,0.560664499993436,4.527597000007518,5.100529799994547
DB1_B,103_1.tif,data/raw/DB1_B/103_1.tif,62.0,62.0,60.0,63.0,0.0,-2.0,3.0,1.0,success,,,,,,374x388,uint8,True,0.9143841000040993,4.396571499994025,5.338056200009305
DB1_B,103_2.tif,data/raw/DB1_B/103_2.tif,67.0,57.0,57.0,50.0,-10.0,0.0,-7.0,-17.0,success,,,,,,374x388,uint8,True,0.8207060000277124,4.3403529999777675,5.182516900007613
DB1_B,103_3.tif,data/raw/DB1_B/103_3.tif,70.0,63.0,73.0,71.0,-7.0,10.0,-2.0,1.0,success,,,,,,374x388,uint8,True,1.0811337999766693,4.80115419998765,5.895339799986687
DB1_B,103_4.tif,data/raw/DB1_B/103_4.tif,31.0,45.0,43.0,43.0,14.0,-2.0,0.0,12.0,success,,,,,,374x388,uint8,True,0.6730428999871947,4.078319100022782,4.773842800001148
DB1_B,103_5.tif,data/raw/DB1_B/103_5.tif,67.0,57.0,57.0,55.0,-10.0,0.0,-2.0,-12.0,success,,,,,,374x388,uint8,True,0.9997038999572396,4.362186299986206,5.378947600023821
DB1_B,103_6.tif,data/raw/DB1_B/103_6.tif,76.0,69.0,66.0,62.0,-7.0,-3.0,-4.0,-14.0,success,,,,,,374x388,uint8,True,0.7905443999916315,4.340495299955364,5.147045199992135
DB1_B,103_7.tif,data/raw/DB1_B/103_7.tif,59.0,63.0,66.0,67.0,4.0,3.0,1.0,8.0,success,,,,,,374x388,uint8,True,0.988120699999854,4.1191506999894045,5.120082499983255
DB1_B,103_8.tif,data/raw/DB1_B/103_8.tif,42.0,45.0,44.0,47.0,3.0,-1.0,3.0,5.0,success,,,,,,374x388,uint8,True,0.5854534000391141,4.049438699963503,4.6566120000206865
DB1_B,104_1.tif,data/raw/DB1_B/104_1.tif,79.0,62.0,62.0,64.0,-17.0,0.0,2.0,-15.0,success,,,,,,374x388,uint8,True,1.1926468000165187,4.420760099950712,5.6333297999808565
DB1_B,104_2.tif,data/raw/DB1_B/104_2.tif,74.0,81.0,81.0,76.0,7.0,0.0,-5.0,2.0,success,,,,,,374x388,uint8,True,0.9313565000193194,4.710221499961335,5.656743400031701
DB1_B,104_3.tif,data/raw/DB1_B/104_3.tif,74.0,75.0,74.0,77.0,1.0,-1.0,3.0,3.0,success,,,,,,374x388,uint8,True,1.07666220003739,3.9786670000175945,5.075889199972153
DB1_B,104_4.tif,data/raw/DB1_B/104_4.tif,73.0,72.0,72.0,75.0,-1.0,0.0,3.0,2.0,success,,,,,,374x388,uint8,True,0.8034998999792151,4.234472899988759,5.055479899980128
DB1_B,104_5.tif,data/raw/DB1_B/104_5.tif,66.0,64.0,62.0,75.0,-2.0,-2.0,13.0,9.0,success,,,,,,374x388,uint8,True,0.8354741000221111,4.20035729999654,5.046558400033973
DB1_B,104_6.tif,data/raw/DB1_B/104_6.tif,63.0,67.0,66.0,66.0,4.0,-1.0,0.0,3.0,success,,,,,,374x388,uint8,True,0.6463642999879085,4.123002199979965,4.780714099993929
DB1_B,104_7.tif,data/raw/DB1_B/104_7.tif,76.0,79.0,80.0,80.0,3.0,1.0,0.0,4.0,success,,,,,,374x388,uint8,True,0.6650064999703318,4.810293600021396,5.493584200041369
DB1_B,104_8.tif,data/raw/DB1_B/104_8.tif,69.0,63.0,65.0,66.0,-6.0,2.0,1.0,-3.0,success,,,,,,374x388,uint8,True,0.9505298999720253,4.882932299980894,5.863062500022352
DB1_B,105_1.tif,data/raw/DB1_B/105_1.tif,48.0,65.0,65.0,64.0,17.0,0.0,-1.0,16.0,success,,,,,,374x388,uint8,True,1.019848300027661,4.658294200024102,5.702159299980849
DB1_B,105_2.tif,data/raw/DB1_B/105_2.tif,80.0,72.0,71.0,71.0,-8.0,-1.0,0.0,-9.0,success,,,,,,374x388,uint8,True,0.9529112000018358,3.7393801999860443,4.711134700046387
DB1_B,105_3.tif,data/raw/DB1_B/105_3.tif,77.0,73.0,76.0,72.0,-4.0,3.0,-4.0,-5.0,success,,,,,,374x388,uint8,True,0.6611403000424616,3.917652399977669,4.60230580001371
DB1_B,105_4.tif,data/raw/DB1_B/105_4.tif,55.0,61.0,60.0,65.0,6.0,-1.0,5.0,10.0,success,,,,,,374x388,uint8,True,0.5513638000120409,4.058911199972499,4.636584600026254
DB1_B,105_5.tif,data/raw/DB1_B/105_5.tif,64.0,69.0,70.0,70.0,5.0,1.0,0.0,6.0,success,,,,,,374x388,uint8,True,0.6462902000057511,4.128937900008168,4.790341600019019
DB1_B,105_6.tif,data/raw/DB1_B/105_6.tif,50.0,49.0,50.0,45.0,-1.0,1.0,-5.0,-5.0,success,,,,,,374x388,uint8,True,0.6608500000438653,4.103558800008614,4.7906882999814115
DB1_B,105_7.tif,data/raw/DB1_B/105_7.tif,73.0,68.0,67.0,69.0,-5.0,-1.0,2.0,-4.0,success,,,,,,374x388,uint8,True,0.8520876000402495,3.9559797000256367,4.834639399952721
DB1_B,105_8.tif,data/raw/DB1_B/105_8.tif,64.0,54.0,49.0,51.0,-10.0,-5.0,2.0,-13.0,success,,,,,,374x388,uint8,True,0.5238394999760203,3.636202299967408,4.179380899993703
DB1_B,106_1.tif,data/raw/DB1_B/106_1.tif,81.0,71.0,72.0,72.0,-10.0,1.0,0.0,-9.0,success,,,,,,374x388,uint8,True,0.9052315999870189,4.34990240004845,5.266292899963446
DB1_B,106_2.tif,data/raw/DB1_B/106_2.tif,73.0,71.0,72.0,73.0,-2.0,1.0,1.0,0.0,success,,,,,,374x388,uint8,True,1.522292000008747,4.01730150001822,5.558412600017618
DB1_B,106_3.tif,data/raw/DB1_B/106_3.tif,79.0,79.0,80.0,80.0,0.0,1.0,0.0,1.0,success,,,,,,374x388,uint8,True,1.4021919000078924,3.8730422000517137,5.29026530002011
DB1_B,106_4.tif,data/raw/DB1_B/106_4.tif,77.0,58.0,58.0,58.0,-19.0,0.0,0.0,-19.0,success,,,,,,374x388,uint8,True,1.162685799994506,4.749538300035056,5.93949210003484
DB1_B,106_5.tif,data/raw/DB1_B/106_5.tif,71.0,66.0,67.0,69.0,-5.0,1.0,2.0,-2.0,success,,,,,,374x388,uint8,True,1.7496954000089318,4.286089300003368,6.047687600017525
DB1_B,106_6.tif,data/raw/DB1_B/106_6.tif,72.0,65.0,66.0,70.0,-7.0,1.0,4.0,-2.0,success,,,,,,374x388,uint8,True,1.360999200027436,4.6020590999978594,5.981561900000088
DB1_B,106_7.tif,data/raw/DB1_B/106_7.tif,76.0,83.0,76.0,83.0,7.0,-7.0,7.0,7.0,success,,,,,,374x388,uint8,True,1.444189700006973,4.653502400033176,6.122748200024944
DB1_B,106_8.tif,data/raw/DB1_B/106_8.tif,71.0,80.0,82.0,77.0,9.0,2.0,-5.0,6.0,success,,,,,,374x388,uint8,True,1.1067844000062905,4.4728243999998085,5.594367299985606
DB1_B,107_1.tif,data/raw/DB1_B/107_1.tif,71.0,64.0,65.0,63.0,-7.0,1.0,-2.0,-8.0,success,,,,,,374x388,uint8,True,0.9194820999982767,3.728679899999406,4.673387000046205
DB1_B,107_2.tif,data/raw/DB1_B/107_2.tif,74.0,68.0,70.0,70.0,-6.0,2.0,0.0,-4.0,success,,,,,,374x388,uint8,True,1.3464037000085227,4.073538099997677,5.453689799993299
DB1_B,107_3.tif,data/raw/DB1_B/107_3.tif,54.0,76.0,77.0,76.0,22.0,1.0,-1.0,22.0,success,,,,,,374x388,uint8,True,1.0054383000242524,4.4614642999949865,5.493978800019249
DB1_B,107_4.tif,data/raw/DB1_B/107_4.tif,73.0,66.0,66.0,74.0,-7.0,0.0,8.0,1.0,success,,,,,,374x388,uint8,True,1.1563643999979831,4.111409699951764,5.286077399970964
DB1_B,107_5.tif,data/raw/DB1_B/107_5.tif,60.0,57.0,60.0,57.0,-3.0,3.0,-3.0,-3.0,success,,,,,,374x388,uint8,True,1.059912999975495,4.232967599993572,5.314234400051646
DB1_B,107_6.tif,data/raw/DB1_B/107_6.tif,73.0,69.0,68.0,73.0,-4.0,-1.0,5.0,0.0,success,,,,,,374x388,uint8,True,1.4275271999649704,4.3063077999977395,5.754837299988139
DB1_B,107_7.tif,data/raw/DB1_B/107_7.tif,76.0,71.0,71.0,70.0,-5.0,0.0,-1.0,-6.0,success,,,,,,374x388,uint8,True,1.4889559000148438,3.79114440002013,5.300500400015153
DB1_B,107_8.tif,data/raw/DB1_B/107_8.tif,51.0,60.0,55.0,56.0,9.0,-5.0,1.0,5.0,success,,,,,,374x388,uint8,True,0.7961265000049025,3.6277501999866217,4.446202900027856
DB1_B,108_1.tif,data/raw/DB1_B/108_1.tif,71.0,71.0,72.0,70.0,0.0,1.0,-2.0,-1.0,success,,,,,,374x388,uint8,True,1.061390399991069,3.511867400025949,4.597526400000788
DB1_B,108_2.tif,data/raw/DB1_B/108_2.tif,79.0,70.0,66.0,69.0,-9.0,-4.0,3.0,-10.0,success,,,,,,374x388,uint8,True,1.1801989999949,3.890916600008495,5.091048599977512
DB1_B,108_3.tif,data/raw/DB1_B/108_3.tif,82.0,82.0,86.0,82.0,0.0,4.0,-4.0,0.0,success,,,,,,374x388,uint8,True,1.050833799992688,3.883704000036232,4.960139999981038
DB1_B,108_4.tif,data/raw/DB1_B/108_4.tif,75.0,72.0,65.0,73.0,-3.0,-7.0,8.0,-2.0,success,,,,,,374x388,uint8,True,1.0957437000470236,3.8589397000032477,4.971229599963408
DB1_B,108_5.tif,data/raw/DB1_B/108_5.tif,44.0,68.0,71.0,68.0,24.0,3.0,-3.0,24.0,success,,,,,,374x388,uint8,True,0.7727609000285156,3.896129100001417,4.689431399980094
DB1_B,108_6.tif,data/raw/DB1_B/108_6.tif,78.0,79.0,82.0,81.0,1.0,3.0,-1.0,3.0,success,,,,,,374x388,uint8,True,1.2482623999821953,4.191192600002978,5.468172200024128
DB1_B,108_7.tif,data/raw/DB1_B/108_7.tif,68.0,64.0,66.0,66.0,-4.0,2.0,0.0,-2.0,success,,,,,,374x388,uint8,True,0.7608364999759942,3.974264799966477,4.746315500000492
DB1_B,108_8.tif,data/raw/DB1_B/108_8.tif,79.0,59.0,59.0,60.0,-20.0,0.0,1.0,-19.0,success,,,,,,374x388,uint8,True,0.6710548999835737,3.9195788000361063,4.607279500050936
DB1_B,109_1.tif,data/raw/DB1_B/109_1.tif,42.0,48.0,49.0,51.0,6.0,1.0,2.0,9.0,success,,,,,,374x388,uint8,True,0.4398319000029005,4.022958900022786,4.483752899977844
DB1_B,109_2.tif,data/raw/DB1_B/109_2.tif,67.0,58.0,54.0,55.0,-9.0,-4.0,1.0,-12.0,success,,,,,,374x388,uint8,True,0.6248537999927066,4.102648100000806,4.748556200007442
DB1_B,109_3.tif,data/raw/DB1_B/109_3.tif,37.0,41.0,42.0,42.0,4.0,1.0,0.0,5.0,success,,,,,,374x388,uint8,True,0.3932329000090249,3.809978500008583,4.220022300025448
DB1_B,109_4.tif,data/raw/DB1_B/109_4.tif,27.0,44.0,44.0,46.0,17.0,0.0,2.0,19.0,success,,,,,,374x388,uint8,True,0.3396644000313245,3.6484848000109196,4.0092165999813005
DB1_B,109_5.tif,data/raw/DB1_B/109_5.tif,57.0,59.0,61.0,61.0,2.0,2.0,0.0,4.0,success,,,,,,374x388,uint8,True,0.45182269997894764,4.038831599988043,4.509416200045962
DB1_B,109_6.tif,data/raw/DB1_B/109_6.tif,15.0,34.0,31.0,31.0,19.0,-3.0,0.0,16.0,success,,,,,,374x388,uint8,True,0.5242442999733612,4.142363699967973,4.686259199981578
DB1_B,109_7.tif,data/raw/DB1_B/109_7.tif,65.0,68.0,69.0,70.0,3.0,1.0,1.0,5.0,success,,,,,,374x388,uint8,True,0.6404023999930359,4.107494700001553,4.766761299979407
DB1_B,109_8.tif,data/raw/DB1_B/109_8.tif,33.0,33.0,32.0,32.0,0.0,-1.0,0.0,-1.0,success,,,,,,374x388,uint8,True,0.3953637999948114,3.802027099998668,4.215142700006254
DB1_B,110_1.tif,data/raw/DB1_B/110_1.tif,49.0,56.0,58.0,56.0,7.0,2.0,-2.0,7.0,success,,,,,,374x388,uint8,True,0.5515024999622256,4.179229800007306,4.747639900015201
DB1_B,110_2.tif,data/raw/DB1_B/110_2.tif,53.0,59.0,59.0,59.0,6.0,0.0,0.0,6.0,success,,,,,,374x388,uint8,True,0.5281981999869458,4.308274800016079,4.8490023000049405
DB1_B,110_3.tif,data/raw/DB1_B/110_3.tif,53.0,56.0,57.0,56.0,3.0,1.0,-1.0,3.0,success,,,,,,374x388,uint8,True,0.6865551000228152,3.590021100011654,4.2925046000164
DB1_B,110_4.tif,data/raw/DB1_B/110_4.tif,51.0,62.0,60.0,62.0,11.0,-2.0,2.0,11.0,success,,,,,,374x388,uint8,True,0.5227756999665871,3.6875822999863885,4.219460399996024
DB1_B,110_5.tif,data/raw/DB1_B/110_5.tif,55.0,62.0,62.0,64.0,7.0,0.0,2.0,9.0,success,,,,,,374x388,uint8,True,0.6715181000181474,4.384328100015409,5.067403799970634
DB1_B,110_6.tif,data/raw/DB1_B/110_6.tif,54.0,52.0,51.0,56.0,-2.0,-1.0,5.0,2.0,success,,,,,,374x388,uint8,True,0.6182871999917552,4.115124400006607,4.7460175000014715
DB1_B,110_7.tif,data/raw/DB1_B/110_7.tif,81.0,72.0,71.0,75.0,-9.0,-1.0,4.0,-6.0,success,,,,,,374x388,uint8,True,0.7051699999719858,4.219364599965047,4.946738400030881
DB1_B,110_8.tif,data/raw/DB1_B/110_8.tif,61.0,60.0,63.0,65.0,-1.0,3.0,2.0,4.0,success,,,,,,374x388,uint8,True,0.6075518999714404,4.038124900020193,4.685249699978158
DB2_B,101_1.tif,data/raw/DB2_B/101_1.tif,71.0,83.0,81.0,82.0,12.0,-2.0,1.0,11.0,success,,,,,,560x296,uint8,True,0.9658039000350982,3.791230800037738,4.776261100021657
DB2_B,101_2.tif,data/raw/DB2_B/101_2.tif,70.0,87.0,88.0,84.0,17.0,1.0,-4.0,14.0,success,,,,,,560x296,uint8,True,1.1659823000081815,3.608805499970913,4.785397599975113
DB2_B,101_3.tif,data/raw/DB2_B/101_3.tif,59.0,67.0,68.0,71.0,8.0,1.0,3.0,12.0,success,,,,,,560x296,uint8,True,0.9889620000030845,3.958829099952709,4.960530199983623
DB2_B,101_4.tif,data/raw/DB2_B/101_4.tif,68.0,81.0,78.0,82.0,13.0,-3.0,4.0,14.0,success,,,,,,560x296,uint8,True,0.99573219998274,4.0975486999959685,5.102938600000925
DB2_B,101_5.tif,data/raw/DB2_B/101_5.tif,75.0,77.0,76.0,74.0,2.0,-1.0,-2.0,-1.0,success,,,,,,560x296,uint8,True,1.468892099976074,4.319425900001079,5.803762600000482
DB2_B,101_6.tif,data/raw/DB2_B/101_6.tif,63.0,67.0,70.0,68.0,4.0,3.0,-2.0,5.0,success,,,,,,560x296,uint8,True,1.2896623000269756,3.9140153999906033,5.2125966000021435
DB2_B,101_7.tif,data/raw/DB2_B/101_7.tif,21.0,29.0,29.0,33.0,8.0,0.0,4.0,12.0,success,,,,,,560x296,uint8,True,0.6091878000297584,3.8650600000401028,4.49241050001001
DB2_B,101_8.tif,data/raw/DB2_B/101_8.tif,21.0,36.0,34.0,37.0,15.0,-2.0,3.0,16.0,success,,,,,,560x296,uint8,True,0.8091417999821715,3.840524299943354,4.666778100014199
DB2_B,102_1.tif,data/raw/DB2_B/102_1.tif,68.0,74.0,76.0,72.0,6.0,2.0,-4.0,4.0,success,,,,,,560x296,uint8,True,1.1703777000075206,4.353523000027053,5.541750199976377
DB2_B,102_2.tif,data/raw/DB2_B/102_2.tif,63.0,69.0,71.0,70.0,6.0,2.0,-1.0,7.0,success,,,,,,560x296,uint8,True,1.1606670999899507,3.71927980001783,4.905253200035077
DB2_B,102_3.tif,data/raw/DB2_B/102_3.tif,63.0,66.0,67.0,69.0,3.0,1.0,2.0,6.0,success,,,,,,560x296,uint8,True,0.9579589999630116,3.933295199996792,4.912861299992073
DB2_B,102_4.tif,data/raw/DB2_B/102_4.tif,60.0,73.0,73.0,72.0,13.0,0.0,-1.0,12.0,success,,,,,,560x296,uint8,True,1.0571767999790609,3.7177902000257745,4.7934960999991745
DB2_B,102_5.tif,data/raw/DB2_B/102_5.tif,73.0,74.0,76.0,74.0,1.0,2.0,-2.0,1.0,success,,,,,,560x296,uint8,True,1.266021300049033,3.882319800031837,5.175769400026184
DB2_B,102_6.tif,data/raw/DB2_B/102_6.tif,66.0,69.0,72.0,69.0,3.0,3.0,-3.0,3.0,success,,,,,,560x296,uint8,True,1.0914391999831423,4.025079100043513,5.140142099990044
DB2_B,102_7.tif,data/raw/DB2_B/102_7.tif,78.0,81.0,80.0,78.0,3.0,-1.0,-2.0,0.0,success,,,,,,560x296,uint8,True,1.1311539000016637,4.1789364000433125,5.327459899999667
DB2_B,102_8.tif,data/raw/DB2_B/102_8.tif,57.0,73.0,70.0,70.0,16.0,-3.0,0.0,13.0,success,,,,,,560x296,uint8,True,0.9386398000060581,3.7161594000062905,4.6662609000341035
DB2_B,103_1.tif,data/raw/DB2_B/103_1.tif,56.0,74.0,73.0,74.0,18.0,-1.0,1.0,18.0,success,,,,,,560x296,uint8,True,1.1524146999581717,3.6373039999743924,4.808947299956344
DB2_B,103_2.tif,data/raw/DB2_B/103_2.tif,48.0,58.0,58.0,56.0,10.0,0.0,-2.0,8.0,success,,,,,,560x296,uint8,True,1.0135519999894314,4.134406900033355,5.1694532000110485
DB2_B,103_3.tif,data/raw/DB2_B/103_3.tif,56.0,65.0,61.0,60.0,9.0,-4.0,-1.0,4.0,success,,,,,,560x296,uint8,True,0.5338356000138447,3.567380200023763,4.122843599994667
DB2_B,103_4.tif,data/raw/DB2_B/103_4.tif,55.0,50.0,53.0,51.0,-5.0,3.0,-2.0,-4.0,success,,,,,,560x296,uint8,True,0.980970700038597,3.96714520000387,4.976228399958927
DB2_B,103_5.tif,data/raw/DB2_B/103_5.tif,40.0,39.0,42.0,45.0,-1.0,3.0,3.0,5.0,success,,,,,,560x296,uint8,True,0.722077000013087,3.9663450000225566,4.705038100015372
DB2_B,103_6.tif,data/raw/DB2_B/103_6.tif,48.0,62.0,62.0,67.0,14.0,0.0,5.0,19.0,success,,,,,,560x296,uint8,True,0.8088727000285871,4.006907799979672,4.8456818999839015
DB2_B,103_7.tif,data/raw/DB2_B/103_7.tif,49.0,48.0,55.0,53.0,-1.0,7.0,-2.0,4.0,success,,,,,,560x296,uint8,True,0.7843949999660254,3.8196377999847755,4.630989100027364
DB2_B,103_8.tif,data/raw/DB2_B/103_8.tif,38.0,46.0,47.0,51.0,8.0,1.0,4.0,13.0,success,,,,,,560x296,uint8,True,0.5896309000090696,3.8498194999992847,4.462692100030836
DB2_B,104_1.tif,data/raw/DB2_B/104_1.tif,58.0,70.0,68.0,69.0,12.0,-2.0,1.0,11.0,success,,,,,,560x296,uint8,True,0.9071594999986701,4.428041999984998,5.345677500008605
DB2_B,104_2.tif,data/raw/DB2_B/104_2.tif,64.0,67.0,65.0,73.0,3.0,-2.0,8.0,9.0,success,,,,,,560x296,uint8,True,0.9939263999694958,4.209839499962982,5.228154299955349
DB2_B,104_3.tif,data/raw/DB2_B/104_3.tif,82.0,73.0,71.0,69.0,-9.0,-2.0,-2.0,-13.0,success,,,,,,560x296,uint8,True,1.1320374000351876,4.205666800029576,5.3490129000274464
DB2_B,104_4.tif,data/raw/DB2_B/104_4.tif,65.0,73.0,71.0,75.0,8.0,-2.0,4.0,10.0,success,,,,,,560x296,uint8,True,0.8545011999667622,4.234991299977992,5.102814999991097
DB2_B,104_5.tif,data/raw/DB2_B/104_5.tif,54.0,55.0,55.0,52.0,1.0,0.0,-3.0,-2.0,success,,,,,,560x296,uint8,True,1.016643600014504,3.9892431999905966,5.026680300012231
DB2_B,104_6.tif,data/raw/DB2_B/104_6.tif,61.0,61.0,57.0,61.0,0.0,-4.0,4.0,0.0,success,,,,,,560x296,uint8,True,0.9374415999627672,4.204952600004617,5.163375100004487
DB2_B,104_7.tif,data/raw/DB2_B/104_7.tif,69.0,63.0,62.0,53.0,-6.0,-1.0,-9.0,-16.0,success,,,,,,560x296,uint8,True,1.1354292000178248,4.249555399990641,5.404151500028092
DB2_B,104_8.tif,data/raw/DB2_B/104_8.tif,17.0,19.0,21.0,19.0,2.0,2.0,-2.0,2.0,success,,,,,,560x296,uint8,True,0.7775643999921158,3.777243099990301,4.568597500037868
DB2_B,105_1.tif,data/raw/DB2_B/105_1.tif,62.0,59.0,61.0,65.0,-3.0,2.0,4.0,3.0,success,,,,,,560x296,uint8,True,1.2941389000043273,3.8554991999990307,5.170354900008533
DB2_B,105_2.tif,data/raw/DB2_B/105_2.tif,63.0,56.0,54.0,59.0,-7.0,-2.0,5.0,-4.0,success,,,,,,560x296,uint8,True,1.0638877999735996,3.7959951999946497,4.870073899975978
DB2_B,105_3.tif,data/raw/DB2_B/105_3.tif,59.0,73.0,71.0,65.0,14.0,-2.0,-6.0,6.0,success,,,,,,560x296,uint8,True,1.1623736000037752,3.7794035999686457,4.961020399990957
DB2_B,105_4.tif,data/raw/DB2_B/105_4.tif,56.0,55.0,55.0,55.0,-1.0,0.0,0.0,-1.0,success,,,,,,560x296,uint8,True,0.8798993000527844,3.930166999984067,4.841451599961147
DB2_B,105_5.tif,data/raw/DB2_B/105_5.tif,31.0,38.0,39.0,35.0,7.0,1.0,-4.0,4.0,success,,,,,,560x296,uint8,True,0.9347606999799609,4.315352100005839,5.267524900031276
DB2_B,105_6.tif,data/raw/DB2_B/105_6.tif,52.0,54.0,55.0,54.0,2.0,1.0,-1.0,2.0,success,,,,,,560x296,uint8,True,1.209699900005944,4.144793800020125,5.371455100015737
DB2_B,105_7.tif,data/raw/DB2_B/105_7.tif,32.0,44.0,47.0,42.0,12.0,3.0,-5.0,10.0,success,,,,,,560x296,uint8,True,1.0933186000329442,4.532772300008219,5.64303509995807
DB2_B,105_8.tif,data/raw/DB2_B/105_8.tif,38.0,40.0,44.0,46.0,2.0,4.0,2.0,8.0,success,,,,,,560x296,uint8,True,1.1502044000080787,4.388471499958541,5.559210899984464
DB2_B,106_1.tif,data/raw/DB2_B/106_1.tif,44.0,66.0,69.0,72.0,22.0,3.0,3.0,28.0,success,,,,,,560x296,uint8,True,1.1672062000143342,4.674065899976995,5.877647800021805
DB2_B,106_2.tif,data/raw/DB2_B/106_2.tif,68.0,75.0,77.0,76.0,7.0,2.0,-1.0,8.0,success,,,,,,560x296,uint8,True,1.1868540000286885,4.808914299996104,6.007036599970888
DB2_B,106_3.tif,data/raw/DB2_B/106_3.tif,66.0,71.0,71.0,69.0,5.0,0.0,-2.0,3.0,success,,,,,,560x296,uint8,True,1.0005433000042103,4.576824599993415,5.6044970999937505
DB2_B,106_4.tif,data/raw/DB2_B/106_4.tif,52.0,66.0,66.0,67.0,14.0,0.0,1.0,15.0,success,,,,,,560x296,uint8,True,1.0631246999837458,4.497273100016173,5.575341399991885
DB2_B,106_5.tif,data/raw/DB2_B/106_5.tif,55.0,64.0,63.0,66.0,9.0,-1.0,3.0,11.0,success,,,,,,560x296,uint8,True,1.073239499994088,4.111149799951818,5.201089299982414
DB2_B,106_6.tif,data/raw/DB2_B/106_6.tif,43.0,59.0,54.0,61.0,16.0,-5.0,7.0,18.0,success,,,,,,560x296,uint8,True,1.1438459000200965,3.890192200022284,5.051954200025648
DB2_B,106_7.tif,data/raw/DB2_B/106_7.tif,59.0,57.0,57.0,52.0,-2.0,0.0,-5.0,-7.0,success,,,,,,560x296,uint8,True,1.2719986000447534,4.658261900010984,5.957351999997627
DB2_B,106_8.tif,data/raw/DB2_B/106_8.tif,50.0,68.0,69.0,66.0,18.0,1.0,-3.0,16.0,success,,,,,,560x296,uint8,True,1.1240841000108048,4.535479100013617,5.678706200036686
DB2_B,107_1.tif,data/raw/DB2_B/107_1.tif,36.0,54.0,52.0,56.0,18.0,-2.0,4.0,20.0,success,,,,,,560x296,uint8,True,0.9601281000068411,4.653654100024141,5.62705409998307
DB2_B,107_2.tif,data/raw/DB2_B/107_2.tif,64.0,74.0,70.0,74.0,10.0,-4.0,4.0,10.0,success,,,,,,560x296,uint8,True,1.1743713000323623,4.185326000035275,5.390454199980013
DB2_B,107_3.tif,data/raw/DB2_B/107_3.tif,74.0,79.0,76.0,77.0,5.0,-3.0,1.0,3.0,success,,,,,,560x296,uint8,True,1.196443699998781,4.421183800033759,5.637002800009213
DB2_B,107_4.tif,data/raw/DB2_B/107_4.tif,64.0,76.0,78.0,78.0,12.0,2.0,0.0,14.0,success,,,,,,560x296,uint8,True,0.9828595999861136,4.379980199970305,5.377210100006778
DB2_B,107_5.tif,data/raw/DB2_B/107_5.tif,34.0,37.0,36.0,34.0,3.0,-1.0,-2.0,0.0,success,,,,,,560x296,uint8,True,1.1539177999948151,4.061738100019284,5.2317626000149176
DB2_B,107_6.tif,data/raw/DB2_B/107_6.tif,33.0,44.0,47.0,48.0,11.0,3.0,1.0,15.0,success,,,,,,560x296,uint8,True,1.004004500049632,4.774475599988364,5.845233899948653
DB2_B,107_7.tif,data/raw/DB2_B/107_7.tif,53.0,74.0,67.0,70.0,21.0,-7.0,3.0,17.0,success,,,,,,560x296,uint8,True,1.4230324999662116,4.2976952999597415,5.739282700000331
DB2_B,107_8.tif,data/raw/DB2_B/107_8.tif,66.0,63.0,63.0,66.0,-3.0,0.0,3.0,0.0,success,,,,,,560x296,uint8,True,1.3304219000274315,4.306969200028107,5.655212500016205
DB2_B,108_1.tif,data/raw/DB2_B/108_1.tif,61.0,74.0,76.0,78.0,13.0,2.0,2.0,17.0,success,,,,,,560x296,uint8,True,1.4693403000128455,4.173226299986709,5.6685015999828465
DB2_B,108_2.tif,data/raw/DB2_B/108_2.tif,58.0,71.0,70.0,73.0,13.0,-1.0,3.0,15.0,success,,,,,,560x296,uint8,True,0.9221936999820173,4.1154183999751695,5.0531442000065
DB2_B,108_3.tif,data/raw/DB2_B/108_3.tif,46.0,51.0,52.0,52.0,5.0,1.0,0.0,6.0,success,,,,,,560x296,uint8,True,0.906193400034681,4.5855718000093475,5.52172130002873
DB2_B,108_4.tif,data/raw/DB2_B/108_4.tif,55.0,70.0,69.0,71.0,15.0,-1.0,2.0,16.0,success,,,,,,560x296,uint8,True,0.7706901000346988,4.213735800003633,5.004857300024014
DB2_B,108_5.tif,data/raw/DB2_B/108_5.tif,52.0,66.0,65.0,65.0,14.0,-1.0,0.0,13.0,success,,,,,,560x296,uint8,True,0.9165286999777891,4.3183357999660075,5.247989700001199
DB2_B,108_6.tif,data/raw/DB2_B/108_6.tif,58.0,70.0,69.0,61.0,12.0,-1.0,-8.0,3.0,success,,,,,,560x296,uint8,True,0.9535180000239052,4.677921399998013,5.648321699991357
DB2_B,108_7.tif,data/raw/DB2_B/108_7.tif,68.0,64.0,65.0,65.0,-4.0,1.0,0.0,-3.0,success,,,,,,560x296,uint8,True,1.1379873999976553,4.454135700012557,5.611523900006432
DB2_B,108_8.tif,data/raw/DB2_B/108_8.tif,35.0,31.0,34.0,36.0,-4.0,3.0,2.0,1.0,success,,,,,,560x296,uint8,True,0.7519496000022627,4.441456599975936,5.21305169997504
DB2_B,109_1.tif,data/raw/DB2_B/109_1.tif,32.0,38.0,45.0,45.0,6.0,7.0,0.0,13.0,success,,,,,,560x296,uint8,True,0.7945911000133492,4.236740300024394,5.0437364000245
DB2_B,109_2.tif,data/raw/DB2_B/109_2.tif,47.0,62.0,66.0,68.0,15.0,4.0,2.0,21.0,success,,,,,,560x296,uint8,True,0.853447999979835,4.226600699999835,5.100827499991283
DB2_B,109_3.tif,data/raw/DB2_B/109_3.tif,48.0,54.0,52.0,53.0,6.0,-2.0,1.0,5.0,success,,,,,,560x296,uint8,True,1.0167090999893844,4.402553599968087,5.436412499984726
DB2_B,109_4.tif,data/raw/DB2_B/109_4.tif,41.0,46.0,48.0,48.0,5.0,2.0,0.0,7.0,success,,,,,,560x296,uint8,True,0.8516628000070341,3.9900353000266477,4.859976899984758
DB2_B,109_5.tif,data/raw/DB2_B/109_5.tif,52.0,51.0,49.0,50.0,-1.0,-2.0,1.0,-2.0,success,,,,,,560x296,uint8,True,0.7565683999564499,4.034075899980962,4.804912800027523
DB2_B,109_6.tif,data/raw/DB2_B/109_6.tif,17.0,17.0,18.0,17.0,0.0,1.0,-1.0,0.0,success,,,,,,560x296,uint8,True,0.7119918999960646,4.320627300010528,5.0519348999951035
DB2_B,109_7.tif,data/raw/DB2_B/109_7.tif,21.0,44.0,47.0,45.0,23.0,3.0,-2.0,24.0,success,,,,,,560x296,uint8,True,0.7841353000258096,4.466586299997289,5.269508900004439
DB2_B,109_8.tif,data/raw/DB2_B/109_8.tif,9.0,10.0,10.0,10.0,1.0,0.0,0.0,1.0,success,,,,,,560x296,uint8,True,0.41633669997099787,4.3597039000014775,4.794712200004142
DB2_B,110_1.tif,data/raw/DB2_B/110_1.tif,47.0,49.0,51.0,50.0,2.0,2.0,-1.0,3.0,success,,,,,,560x296,uint8,True,0.8431135000428185,4.088703399989754,4.952708100026939
DB2_B,110_2.tif,data/raw/DB2_B/110_2.tif,43.0,57.0,50.0,53.0,14.0,-7.0,3.0,10.0,success,,,,,,560x296,uint8,True,0.6407227999879979,3.969986699987203,4.632988600002136
DB2_B,110_3.tif,data/raw/DB2_B/110_3.tif,33.0,44.0,48.0,47.0,11.0,4.0,-1.0,14.0,success,,,,,,560x296,uint8,True,0.8443820999818854,3.686554600019008,4.540600200009067
DB2_B,110_4.tif,data/raw/DB2_B/110_4.tif,30.0,27.0,29.0,30.0,-3.0,2.0,1.0,0.0,success,,,,,,560x296,uint8,True,0.8488740000175312,4.84611570002744,5.709093199984636
DB2_B,110_5.tif,data/raw/DB2_B/110_5.tif,33.0,34.0,35.0,35.0,1.0,1.0,0.0,2.0,success,,,,,,560x296,uint8,True,0.7311223999713548,4.1935310999979265,4.942358599975705
DB2_B,110_6.tif,data/raw/DB2_B/110_6.tif,24.0,25.0,28.0,27.0,1.0,3.0,-1.0,3.0,success,,,,,,560x296,uint8,True,0.6115613000001758,3.764038299967069,4.398498499998823
DB2_B,110_7.tif,data/raw/DB2_B/110_7.tif,26.0,31.0,34.0,32.0,5.0,3.0,-2.0,6.0,success,,,,,,560x296,uint8,True,0.8936816000496037,4.15522840002086,5.059545400028583
DB2_B,110_8.tif,data/raw/DB2_B/110_8.tif,10.0,8.0,8.0,11.0,-2.0,0.0,3.0,1.0,success,,,,,,560x296,uint8,True,0.6285180000122637,3.8292649000068195,4.48338310001418
DB3_B,101_1.tif,data/raw/DB3_B/101_1.tif,40.0,33.0,36.0,40.0,-7.0,3.0,4.0,0.0,success,,,,,,300x300,uint8,True,0.4404045999981463,3.8525408999994397,4.311618399980944
DB3_B,101_2.tif,data/raw/DB3_B/101_2.tif,32.0,33.0,34.0,32.0,1.0,1.0,-2.0,0.0,success,,,,,,300x300,uint8,True,0.4809817000059411,3.8651951999636367,4.363045400008559
DB3_B,101_3.tif,data/raw/DB3_B/101_3.tif,38.0,38.0,41.0,35.0,0.0,3.0,-6.0,-3.0,success,,,,,,300x300,uint8,True,0.6154871999751776,3.8904572000028566,4.529721700004302
DB3_B,101_4.tif,data/raw/DB3_B/101_4.tif,17.0,29.0,26.0,27.0,12.0,-3.0,1.0,10.0,success,,,,,,300x300,uint8,True,0.5191935000475496,3.9585046999854967,4.504550100013148
DB3_B,101_5.tif,data/raw/DB3_B/101_5.tif,42.0,40.0,45.0,46.0,-2.0,5.0,1.0,4.0,success,,,,,,300x300,uint8,True,0.47791110002435744,3.9854023999650963,4.4805708000203595
DB3_B,101_6.tif,data/raw/DB3_B/101_6.tif,38.0,34.0,42.0,41.0,-4.0,8.0,-1.0,3.0,success,,,,,,300x300,uint8,True,0.5970613000099547,4.045325300015975,4.661403100006282
DB3_B,101_7.tif,data/raw/DB3_B/101_7.tif,30.0,35.0,35.0,35.0,5.0,0.0,0.0,5.0,success,,,,,,300x300,uint8,True,0.6060265000560321,4.277216899965424,4.90308380004717
DB3_B,101_8.tif,data/raw/DB3_B/101_8.tif,20.0,29.0,30.0,32.0,9.0,1.0,2.0,12.0,success,,,,,,300x300,uint8,True,0.5612589999800548,4.35006979998434,4.929972900019493
DB3_B,102_1.tif,data/raw/DB3_B/102_1.tif,21.0,21.0,20.0,24.0,0.0,-1.0,4.0,3.0,success,,,,,,300x300,uint8,True,0.5181015999987721,4.573741000029258,5.133455500006676
DB3_B,102_2.tif,data/raw/DB3_B/102_2.tif,19.0,26.0,24.0,23.0,7.0,-2.0,-1.0,4.0,success,,,,,,300x300,uint8,True,0.44798969995463267,4.409046299988404,4.8785460999934
DB3_B,102_3.tif,data/raw/DB3_B/102_3.tif,21.0,14.0,25.0,24.0,-7.0,11.0,-1.0,3.0,success,,,,,,300x300,uint8,True,0.4092642000177875,3.8404219000367448,4.266667699965183
DB3_B,102_4.tif,data/raw/DB3_B/102_4.tif,26.0,30.0,26.0,25.0,4.0,-4.0,-1.0,-1.0,success,,,,,,300x300,uint8,True,0.3381459999945946,4.109129899996333,4.4581660000258125
DB3_B,102_5.tif,data/raw/DB3_B/102_5.tif,44.0,44.0,48.0,46.0,0.0,4.0,-2.0,2.0,success,,,,,,300x300,uint8,True,0.5808307999977842,3.9580349000170827,4.5886057000025176
DB3_B,102_6.tif,data/raw/DB3_B/102_6.tif,45.0,52.0,51.0,53.0,7.0,-1.0,2.0,8.0,success,,,,,,300x300,uint8,True,0.5395225000102073,4.260304099996574,4.829038200026844
DB3_B,102_7.tif,data/raw/DB3_B/102_7.tif,12.0,12.0,18.0,19.0,0.0,6.0,1.0,7.0,success,,,,,,300x300,uint8,True,0.47796530002960935,3.524833799980115,4.022489299997687
DB3_B,102_8.tif,data/raw/DB3_B/102_8.tif,15.0,22.0,20.0,19.0,7.0,-2.0,-1.0,4.0,success,,,,,,300x300,uint8,True,0.38533890002872795,3.828399399993941,4.229011699964758
DB3_B,103_1.tif,data/raw/DB3_B/103_1.tif,30.0,24.0,27.0,27.0,-6.0,3.0,0.0,-3.0,success,,,,,,300x300,uint8,True,0.5850028999848291,4.398072600015439,5.0026632999652065
DB3_B,103_2.tif,data/raw/DB3_B/103_2.tif,28.0,27.0,33.0,37.0,-1.0,6.0,4.0,9.0,success,,,,,,300x300,uint8,True,0.5562251000083052,4.0567684000125155,4.634813100041356
DB3_B,103_3.tif,data/raw/DB3_B/103_3.tif,36.0,34.0,42.0,37.0,-2.0,8.0,-5.0,1.0,success,,,,,,300x300,uint8,True,0.372886200028006,3.797206000017468,4.190074099984486
DB3_B,103_4.tif,data/raw/DB3_B/103_4.tif,52.0,51.0,46.0,50.0,-1.0,-5.0,4.0,-2.0,success,,,,,,300x300,uint8,True,0.5738937999703921,4.150120200007223,4.74048269999912
DB3_B,103_5.tif,data/raw/DB3_B/103_5.tif,38.0,31.0,46.0,42.0,-7.0,15.0,-4.0,4.0,success,,,,,,300x300,uint8,True,0.7567381999688223,3.9902828999911435,4.76282830000855
DB3_B,103_6.tif,data/raw/DB3_B/103_6.tif,14.0,20.0,21.0,20.0,6.0,1.0,-1.0,6.0,success,,,,,,300x300,uint8,True,0.6591800000169314,4.0935227000154555,4.776023899961729
DB3_B,103_7.tif,data/raw/DB3_B/103_7.tif,28.0,27.0,27.0,28.0,-1.0,0.0,1.0,0.0,success,,,,,,300x300,uint8,True,0.4478063000133261,4.312020200013649,4.769509799953084
DB3_B,103_8.tif,data/raw/DB3_B/103_8.tif,20.0,23.0,29.0,28.0,3.0,6.0,-1.0,8.0,success,,,,,,300x300,uint8,True,0.46057789999758825,4.191318100027274,4.668727500014938
DB3_B,104_1.tif,data/raw/DB3_B/104_1.tif,34.0,46.0,51.0,47.0,12.0,5.0,-4.0,13.0,success,,,,,,300x300,uint8,True,0.46489699999801815,4.423458199948072,4.903602699982002
DB3_B,104_2.tif,data/raw/DB3_B/104_2.tif,34.0,43.0,42.0,38.0,9.0,-1.0,-4.0,4.0,success,,,,,,300x300,uint8,True,0.5296063999994658,3.656572600011714,4.196840799995698
DB3_B,104_3.tif,data/raw/DB3_B/104_3.tif,19.0,23.0,36.0,36.0,4.0,13.0,0.0,17.0,success,,,,,,300x300,uint8,True,0.3278007000335492,4.0325069000246,4.372470100002829
DB3_B,104_4.tif,data/raw/DB3_B/104_4.tif,18.0,16.0,21.0,21.0,-2.0,5.0,0.0,3.0,success,,,,,,300x300,uint8,True,0.2529614000231959,4.129819499969017,4.396031500014942
DB3_B,104_5.tif,data/raw/DB3_B/104_5.tif,39.0,42.0,35.0,44.0,3.0,-7.0,9.0,5.0,success,,,,,,300x300,uint8,True,0.7420596000156365,3.98210670001572,4.736959500005469
DB3_B,104_6.tif,data/raw/DB3_B/104_6.tif,26.0,32.0,29.0,34.0,6.0,-3.0,5.0,8.0,success,,,,,,300x300,uint8,True,0.48670660000061616,4.356512899976224,4.859123800008092
DB3_B,104_7.tif,data/raw/DB3_B/104_7.tif,23.0,25.0,22.0,20.0,2.0,-3.0,-2.0,-3.0,success,,,,,,300x300,uint8,True,0.6168114999891259,4.132398099987768,4.76652310002828
DB3_B,104_8.tif,data/raw/DB3_B/104_8.tif,26.0,25.0,27.0,26.0,-1.0,2.0,-1.0,0.0,success,,,,,,300x300,uint8,True,0.46884190000128,3.710526699956972,4.206572900002357
DB3_B,105_1.tif,data/raw/DB3_B/105_1.tif,15.0,14.0,16.0,17.0,-1.0,2.0,1.0,2.0,success,,,,,,300x300,uint8,True,0.5411647000000812,4.331354399968404,4.891608999983873
DB3_B,105_2.tif,data/raw/DB3_B/105_2.tif,20.0,24.0,19.0,21.0,4.0,-5.0,2.0,1.0,success,,,,,,300x300,uint8,True,0.5210934999631718,3.986360799986869,4.5288824000163
DB3_B,105_3.tif,data/raw/DB3_B/105_3.tif,18.0,43.0,27.0,32.0,25.0,-16.0,5.0,14.0,success,,,,,,300x300,uint8,True,0.4631298999884166,4.185841500002425,4.661190300015733
DB3_B,105_4.tif,data/raw/DB3_B/105_4.tif,48.0,34.0,39.0,40.0,-14.0,5.0,1.0,-8.0,success,,,,,,300x300,uint8,True,0.6453677000245079,4.097873000020627,4.768056100001559
DB3_B,105_5.tif,data/raw/DB3_B/105_5.tif,35.0,34.0,46.0,47.0,-1.0,12.0,1.0,12.0,success,,,,,,300x300,uint8,True,0.7344463000190444,4.071500699967146,4.825598700030241
DB3_B,105_6.tif,data/raw/DB3_B/105_6.tif,33.0,40.0,40.0,45.0,7.0,0.0,5.0,12.0,success,,,,,,300x300,uint8,True,0.5569868999882601,3.8403009999892674,4.4150326999952085
DB3_B,105_7.tif,data/raw/DB3_B/105_7.tif,32.0,24.0,28.0,30.0,-8.0,4.0,2.0,-2.0,success,,,,,,300x300,uint8,True,0.4421172000002116,3.6363684000098146,4.08764850004809
DB3_B,105_8.tif,data/raw/DB3_B/105_8.tif,32.0,21.0,20.0,19.0,-11.0,-1.0,-1.0,-13.0,success,,,,,,300x300,uint8,True,0.47597359999781474,3.9129632000112906,4.404506099992432
DB3_B,106_1.tif,data/raw/DB3_B/106_1.tif,34.0,43.0,44.0,50.0,9.0,1.0,6.0,16.0,success,,,,,,300x300,uint8,True,0.45311930001480505,3.671648500021547,4.1360756999929436
DB3_B,106_2.tif,data/raw/DB3_B/106_2.tif,32.0,32.0,34.0,36.0,0.0,2.0,2.0,4.0,success,,,,,,300x300,uint8,True,0.5229503000155091,3.7925396999926306,4.325754999998026
DB3_B,106_3.tif,data/raw/DB3_B/106_3.tif,29.0,32.0,31.0,29.0,3.0,-1.0,-2.0,0.0,success,,,,,,300x300,uint8,True,0.7495871999999508,3.8136055000359192,4.582354299956933
DB3_B,106_4.tif,data/raw/DB3_B/106_4.tif,40.0,41.0,44.0,42.0,1.0,3.0,-2.0,2.0,success,,,,,,300x300,uint8,True,0.5738324000267312,3.921834699984174,4.514028100005817
DB3_B,106_5.tif,data/raw/DB3_B/106_5.tif,19.0,21.0,23.0,24.0,2.0,2.0,1.0,5.0,success,,,,,,300x300,uint8,True,0.31980499997735023,3.8229032000526786,4.160624300013296
DB3_B,106_6.tif,data/raw/DB3_B/106_6.tif,22.0,21.0,19.0,19.0,-1.0,-2.0,0.0,-3.0,success,,,,,,300x300,uint8,True,0.4171706000342965,4.0262497999938205,4.459818500035908
DB3_B,106_7.tif,data/raw/DB3_B/106_7.tif,14.0,9.0,8.0,8.0,-5.0,-1.0,0.0,-6.0,success,,,,,,300x300,uint8,True,0.3186509999795817,3.9795295000076294,4.320983100042213
DB3_B,106_8.tif,data/raw/DB3_B/106_8.tif,9.0,10.0,10.0,10.0,1.0,0.0,0.0,1.0,success,,,,,,300x300,uint8,True,0.37535809999099,3.7701644000480883,4.168161900015548
DB3_B,107_1.tif,data/raw/DB3_B/107_1.tif,29.0,21.0,31.0,33.0,-8.0,10.0,2.0,4.0,success,,,,,,300x300,uint8,True,0.4711253000423312,3.4141034000203945,3.894469899998512
DB3_B,107_2.tif,data/raw/DB3_B/107_2.tif,14.0,16.0,17.0,16.0,2.0,1.0,-1.0,2.0,success,,,,,,300x300,uint8,True,0.4342587999999523,3.873980699980166,4.317717499972787
DB3_B,107_3.tif,data/raw/DB3_B/107_3.tif,16.0,22.0,29.0,25.0,6.0,7.0,-4.0,9.0,success,,,,,,300x300,uint8,True,0.3627041000290774,3.7128340000053868,4.095357200014405
DB3_B,107_4.tif,data/raw/DB3_B/107_4.tif,32.0,29.0,30.0,32.0,-3.0,1.0,2.0,0.0,success,,,,,,300x300,uint8,True,0.4498664999846369,4.259543000021949,4.720790399995167
DB3_B,107_5.tif,data/raw/DB3_B/107_5.tif,26.0,24.0,33.0,33.0,-2.0,9.0,0.0,7.0,success,,,,,,300x300,uint8,True,0.5020024999976158,4.0877622999832965,4.600898700009566
DB3_B,107_6.tif,data/raw/DB3_B/107_6.tif,16.0,21.0,17.0,19.0,5.0,-4.0,2.0,3.0,success,,,,,,300x300,uint8,True,0.4674204000039026,4.7688125999993645,5.254134200047702
DB3_B,107_7.tif,data/raw/DB3_B/107_7.tif,12.0,8.0,6.0,6.0,-4.0,-2.0,0.0,-6.0,success,,,,,,300x300,uint8,True,0.2944220999488607,4.844441899971571,5.159707699960563
DB3_B,107_8.tif,data/raw/DB3_B/107_8.tif,9.0,17.0,15.0,15.0,8.0,-2.0,0.0,6.0,success,,,,,,300x300,uint8,True,0.3174635999603197,4.264452299976256,4.597381500003394
DB3_B,108_1.tif,data/raw/DB3_B/108_1.tif,33.0,21.0,21.0,23.0,-12.0,0.0,2.0,-10.0,success,,,,,,300x300,uint8,True,0.19765350001398474,3.533744399959687,3.7483132000197656
DB3_B,108_2.tif,data/raw/DB3_B/108_2.tif,24.0,6.0,7.0,7.0,-18.0,1.0,0.0,-17.0,success,,,,,,300x300,uint8,True,0.2679469000431709,4.1592783000087366,4.444811599969398
DB3_B,108_3.tif,data/raw/DB3_B/108_3.tif,5.0,7.0,9.0,6.0,2.0,2.0,-3.0,1.0,success,,,,,,300x300,uint8,True,0.2636896000476554,4.228732299990952,4.5025254000211135
DB3_B,108_4.tif,data/raw/DB3_B/108_4.tif,9.0,4.0,6.0,6.0,-5.0,2.0,0.0,-3.0,success,,,,,,300x300,uint8,True,0.20087529998272657,4.129907700000331,4.353869200043846
DB3_B,108_5.tif,data/raw/DB3_B/108_5.tif,27.0,32.0,28.0,29.0,5.0,-4.0,1.0,2.0,success,,,,,,300x300,uint8,True,0.3941961000091396,4.268188400019426,4.679825700004585
DB3_B,108_6.tif,data/raw/DB3_B/108_6.tif,37.0,34.0,31.0,30.0,-3.0,-3.0,-1.0,-7.0,success,,,,,,300x300,uint8,True,0.38821699999971315,3.778200500004459,4.187824300024658
DB3_B,108_7.tif,data/raw/DB3_B/108_7.tif,18.0,17.0,29.0,30.0,-1.0,12.0,1.0,12.0,success,,,,,,300x300,uint8,True,0.4433722999528982,3.8203060000087135,4.283918300003279
DB3_B,108_8.tif,data/raw/DB3_B/108_8.tif,19.0,15.0,24.0,21.0,-4.0,9.0,-3.0,2.0,success,,,,,,300x300,uint8,True,0.3682568999938667,3.9874276000191458,4.373755699954927
DB3_B,109_1.tif,data/raw/DB3_B/109_1.tif,11.0,13.0,22.0,22.0,2.0,9.0,0.0,11.0,success,,,,,,300x300,uint8,True,0.3266093999845907,3.679882899974473,4.018078900000546
DB3_B,109_2.tif,data/raw/DB3_B/109_2.tif,17.0,22.0,23.0,20.0,5.0,1.0,-3.0,3.0,success,,,,,,300x300,uint8,True,0.4840641999617219,3.7329452999983914,4.2389186000218615
DB3_B,109_3.tif,data/raw/DB3_B/109_3.tif,15.0,20.0,19.0,19.0,5.0,-1.0,0.0,4.0,success,,,,,,300x300,uint8,True,0.4171926000271924,3.6407780000008643,4.0723231000010855
DB3_B,109_4.tif,data/raw/DB3_B/109_4.tif,20.0,21.0,19.0,20.0,1.0,-2.0,1.0,0.0,success,,,,,,300x300,uint8,True,0.2696375999948941,3.724967500020284,4.013877399964258
DB3_B,109_5.tif,data/raw/DB3_B/109_5.tif,31.0,35.0,39.0,36.0,4.0,4.0,-3.0,5.0,success,,,,,,300x300,uint8,True,0.42612459999509156,4.248565499961842,4.686355200014077
DB3_B,109_6.tif,data/raw/DB3_B/109_6.tif,38.0,44.0,44.0,43.0,6.0,0.0,-1.0,5.0,success,,,,,,300x300,uint8,True,0.6333112000138499,4.046951199998148,4.702798300015274
DB3_B,109_7.tif,data/raw/DB3_B/109_7.tif,11.0,9.0,11.0,10.0,-2.0,2.0,-1.0,-1.0,success,,,,,,300x300,uint8,True,0.4581107000121847,3.9079610999906436,4.389399099978618
DB3_B,109_8.tif,data/raw/DB3_B/109_8.tif,16.0,21.0,23.0,24.0,5.0,2.0,1.0,8.0,success,,,,,,300x300,uint8,True,0.2274502000072971,3.2939689999911934,3.5318333000177518
DB3_B,110_1.tif,data/raw/DB3_B/110_1.tif,12.0,8.0,11.0,8.0,-4.0,3.0,-3.0,-4.0,success,,,,,,300x300,uint8,True,0.4544958000187762,3.602825500012841,4.0786129999905825
DB3_B,110_2.tif,data/raw/DB3_B/110_2.tif,17.0,4.0,3.0,3.0,-13.0,-1.0,0.0,-14.0,success,,,,,,300x300,uint8,True,0.29262239998206496,4.038382400001865,4.352753299986944
DB3_B,110_3.tif,data/raw/DB3_B/110_3.tif,11.0,1.0,0.0,0.0,-10.0,-1.0,0.0,-11.0,success,,,,,,300x300,uint8,True,0.42697899998165667,4.214688499982003,4.6569893000414595
DB3_B,110_4.tif,data/raw/DB3_B/110_4.tif,19.0,12.0,8.0,7.0,-7.0,-4.0,-1.0,-12.0,success,,,,,,300x300,uint8,True,0.5376880000112578,4.283308700018097,4.830772300017998
DB3_B,110_5.tif,data/raw/DB3_B/110_5.tif,,9.0,15.0,14.0,,6.0,-1.0,,error,raw: Error: NFIQ2 computeUnifiedQualityScore returned an error code: Could not create feature set from raw data: FRFXLL_ERR_FB_TOO_SMALL_AREA: Fingerprint area is too small. Most likely this is because the tip of the finger is presented.,Error: NFIQ2 computeUnifiedQualityScore returned an error code: Could not create feature set from raw data: FRFXLL_ERR_FB_TOO_SMALL_AREA: Fingerprint area is too small. Most likely this is because the tip of the finger is presented.,,,,300x300,uint8,True,0.4231290000025183,3.8778262000414543,4.308693300001323
DB3_B,110_6.tif,data/raw/DB3_B/110_6.tif,18.0,14.0,13.0,13.0,-4.0,-1.0,0.0,-5.0,success,,,,,,300x300,uint8,True,0.2570488000055775,3.9397173999459483,4.211709600000177
DB3_B,110_7.tif,data/raw/DB3_B/110_7.tif,17.0,10.0,10.0,11.0,-7.0,0.0,1.0,-6.0,success,,,,,,300x300,uint8,True,0.3478124000248499,4.038212300045416,4.406217600044329
DB3_B,110_8.tif,data/raw/DB3_B/110_8.tif,11.0,13.0,9.0,9.0,2.0,-4.0,0.0,-2.0,success,,,,,,300x300,uint8,True,0.24391359998844564,3.821207900007721,4.078091299976222
DB4_B,101_1.tif,data/raw/DB4_B/101_1.tif,39.0,43.0,46.0,43.0,4.0,3.0,-3.0,4.0,success,,,,,,384x288,uint8,True,0.5971849999623373,3.7317426999798045,4.3460667000035755
DB4_B,101_2.tif,data/raw/DB4_B/101_2.tif,39.0,38.0,39.0,43.0,-1.0,1.0,4.0,4.0,success,,,,,,384x288,uint8,True,0.5558558999910019,3.424329500005115,3.9932876999955624
DB4_B,101_3.tif,data/raw/DB4_B/101_3.tif,42.0,45.0,47.0,46.0,3.0,2.0,-1.0,4.0,success,,,,,,384x288,uint8,True,0.9866196000366472,3.3888170000282116,4.404315899999347
DB4_B,101_4.tif,data/raw/DB4_B/101_4.tif,50.0,53.0,59.0,59.0,3.0,6.0,0.0,9.0,success,,,,,,384x288,uint8,True,0.6649305000319146,3.8194922000402585,4.494026400032453
DB4_B,101_5.tif,data/raw/DB4_B/101_5.tif,37.0,45.0,45.0,44.0,8.0,0.0,-1.0,7.0,success,,,,,,384x288,uint8,True,0.48155520000727847,3.60613829997601,4.1057172999717295
DB4_B,101_6.tif,data/raw/DB4_B/101_6.tif,37.0,40.0,38.0,39.0,3.0,-2.0,1.0,2.0,success,,,,,,384x288,uint8,True,0.6016500000259839,4.399515400000382,5.018730400013737
DB4_B,101_7.tif,data/raw/DB4_B/101_7.tif,37.0,43.0,45.0,53.0,6.0,2.0,8.0,16.0,success,,,,,,384x288,uint8,True,0.5791961000068113,3.9262419000151567,4.55629300000146
DB4_B,101_8.tif,data/raw/DB4_B/101_8.tif,35.0,38.0,44.0,42.0,3.0,6.0,-2.0,7.0,success,,,,,,384x288,uint8,True,1.0517415999784134,4.346140199981164,5.417641400010325
DB4_B,102_1.tif,data/raw/DB4_B/102_1.tif,44.0,38.0,41.0,42.0,-6.0,3.0,1.0,-2.0,success,,,,,,384x288,uint8,True,1.096265800006222,4.337951600027736,5.457841900002677
DB4_B,102_2.tif,data/raw/DB4_B/102_2.tif,42.0,51.0,47.0,46.0,9.0,-4.0,-1.0,4.0,success,,,,,,384x288,uint8,True,1.0930710000102408,3.8417174000060186,4.960520400025416
DB4_B,102_3.tif,data/raw/DB4_B/102_3.tif,27.0,35.0,37.0,35.0,8.0,2.0,-2.0,8.0,success,,,,,,384x288,uint8,True,1.0895560000208206,4.209944100002758,5.324701400008053
DB4_B,102_4.tif,data/raw/DB4_B/102_4.tif,38.0,45.0,45.0,47.0,7.0,0.0,2.0,9.0,success,,,,,,384x288,uint8,True,0.9394646000000648,4.178793600003701,5.133023399976082
DB4_B,102_5.tif,data/raw/DB4_B/102_5.tif,29.0,39.0,43.0,39.0,10.0,4.0,-4.0,10.0,success,,,,,,384x288,uint8,True,0.8939865000429563,4.176288000016939,5.095420399971772
DB4_B,102_6.tif,data/raw/DB4_B/102_6.tif,46.0,45.0,41.0,47.0,-1.0,-4.0,6.0,1.0,success,,,,,,384x288,uint8,True,1.0777608000207692,4.357944899995346,5.460122100019362
DB4_B,102_7.tif,data/raw/DB4_B/102_7.tif,31.0,37.0,37.0,37.0,6.0,0.0,0.0,6.0,success,,,,,,384x288,uint8,True,0.9747929999721237,4.347300700028427,5.334022500028368
DB4_B,102_8.tif,data/raw/DB4_B/102_8.tif,51.0,47.0,48.0,52.0,-4.0,1.0,4.0,1.0,success,,,,,,384x288,uint8,True,1.060611599998083,4.503982399997767,5.584221100027207
DB4_B,103_1.tif,data/raw/DB4_B/103_1.tif,44.0,43.0,42.0,40.0,-1.0,-1.0,-2.0,-4.0,success,,,,,,384x288,uint8,True,0.7641136000165716,4.080106899957173,4.8716875000391155
DB4_B,103_2.tif,data/raw/DB4_B/103_2.tif,43.0,41.0,50.0,48.0,-2.0,9.0,-2.0,5.0,success,,,,,,384x288,uint8,True,0.7963399000000209,4.515199400018901,5.325335600005928
DB4_B,103_3.tif,data/raw/DB4_B/103_3.tif,46.0,45.0,45.0,43.0,-1.0,0.0,-2.0,-3.0,success,,,,,,384x288,uint8,True,0.9466947999899276,4.773351999989245,5.74880480003776
DB4_B,103_4.tif,data/raw/DB4_B/103_4.tif,34.0,38.0,43.0,45.0,4.0,5.0,2.0,11.0,success,,,,,,384x288,uint8,True,0.8232262000092305,4.106986799975857,4.950521800026763
DB4_B,103_5.tif,data/raw/DB4_B/103_5.tif,44.0,45.0,45.0,47.0,1.0,0.0,2.0,3.0,success,,,,,,384x288,uint8,True,0.846782400039956,4.451687499997206,5.319472499948461
DB4_B,103_6.tif,data/raw/DB4_B/103_6.tif,38.0,35.0,39.0,39.0,-3.0,4.0,0.0,1.0,success,,,,,,384x288,uint8,True,0.8478004999924451,3.9565663000103086,4.827707200020086
DB4_B,103_7.tif,data/raw/DB4_B/103_7.tif,43.0,40.0,45.0,45.0,-3.0,5.0,0.0,2.0,success,,,,,,384x288,uint8,True,0.8269744000281207,4.1339610000140965,4.9795000000158325
DB4_B,103_8.tif,data/raw/DB4_B/103_8.tif,39.0,50.0,50.0,47.0,11.0,0.0,-3.0,8.0,success,,,,,,384x288,uint8,True,0.9280806999886408,4.004751299973577,4.952767300012056
DB4_B,104_1.tif,data/raw/DB4_B/104_1.tif,20.0,31.0,28.0,26.0,11.0,-3.0,-2.0,6.0,success,,,,,,384x288,uint8,True,0.9043850000016391,3.885939800005872,4.807996099989396
DB4_B,104_2.tif,data/raw/DB4_B/104_2.tif,40.0,27.0,32.0,32.0,-13.0,5.0,0.0,-8.0,success,,,,,,384x288,uint8,True,0.8338897000066936,4.303601799998432,5.164173599972855
DB4_B,104_3.tif,data/raw/DB4_B/104_3.tif,46.0,43.0,41.0,48.0,-3.0,-2.0,7.0,2.0,success,,,,,,384x288,uint8,True,0.46298579999711365,4.5274952000472695,5.001568800013047
DB4_B,104_4.tif,data/raw/DB4_B/104_4.tif,45.0,45.0,50.0,48.0,0.0,5.0,-2.0,3.0,success,,,,,,384x288,uint8,True,0.6618103999644518,3.913771599996835,4.58432319998974
DB4_B,104_5.tif,data/raw/DB4_B/104_5.tif,46.0,47.0,47.0,44.0,1.0,0.0,-3.0,-2.0,success,,,,,,384x288,uint8,True,0.5721124999690801,4.362424299994018,4.946010000014212
DB4_B,104_6.tif,data/raw/DB4_B/104_6.tif,31.0,29.0,33.0,30.0,-2.0,4.0,-3.0,-1.0,success,,,,,,384x288,uint8,True,0.8745098999934271,4.892668100015726,5.78260879998561
DB4_B,104_7.tif,data/raw/DB4_B/104_7.tif,33.0,30.0,30.0,30.0,-3.0,0.0,0.0,-3.0,success,,,,,,384x288,uint8,True,1.1087240000488237,5.1886040000244975,6.311693799973
DB4_B,104_8.tif,data/raw/DB4_B/104_8.tif,36.0,39.0,40.0,41.0,3.0,1.0,1.0,5.0,success,,,,,,384x288,uint8,True,1.0702683000126854,4.152982900035568,5.241364900022745
DB4_B,105_1.tif,data/raw/DB4_B/105_1.tif,19.0,28.0,24.0,25.0,9.0,-4.0,1.0,6.0,success,,,,,,384x288,uint8,True,0.4795458000153303,5.129668099980336,5.633810700033791
DB4_B,105_2.tif,data/raw/DB4_B/105_2.tif,24.0,46.0,41.0,44.0,22.0,-5.0,3.0,20.0,success,,,,,,384x288,uint8,True,0.8772238000528887,4.185186300019268,5.0656649000011384
DB4_B,105_3.tif,data/raw/DB4_B/105_3.tif,29.0,27.0,30.0,32.0,-2.0,3.0,2.0,3.0,success,,,,,,384x288,uint8,True,0.7747192999813706,4.254143099999055,5.030469699995592
DB4_B,105_4.tif,data/raw/DB4_B/105_4.tif,27.0,36.0,36.0,34.0,9.0,0.0,-2.0,7.0,success,,,,,,384x288,uint8,True,0.9498801999725401,4.368858699977864,5.338041800016072
DB4_B,105_5.tif,data/raw/DB4_B/105_5.tif,33.0,52.0,56.0,52.0,19.0,4.0,-4.0,19.0,success,,,,,,384x288,uint8,True,1.190155300020706,4.11276370001724,5.314100300020073
DB4_B,105_6.tif,data/raw/DB4_B/105_6.tif,26.0,42.0,44.0,46.0,16.0,2.0,2.0,20.0,success,,,,,,384x288,uint8,True,0.8900433000526391,3.37589119997574,4.29125579999527
DB4_B,105_7.tif,data/raw/DB4_B/105_7.tif,29.0,37.0,39.0,39.0,8.0,2.0,0.0,10.0,success,,,,,,384x288,uint8,True,1.1563856999855489,3.299635999952443,4.4732670999947
DB4_B,105_8.tif,data/raw/DB4_B/105_8.tif,30.0,37.0,41.0,38.0,7.0,4.0,-3.0,8.0,success,,,,,,384x288,uint8,True,0.2729577000136487,2.067344299983233,2.352687700011302
DB4_B,106_1.tif,data/raw/DB4_B/106_1.tif,14.0,17.0,16.0,17.0,3.0,-1.0,1.0,3.0,success,,,,,,384x288,uint8,True,0.2870410999748856,4.138058100012131,4.433939600014128
DB4_B,106_2.tif,data/raw/DB4_B/106_2.tif,24.0,30.0,36.0,38.0,6.0,6.0,2.0,14.0,success,,,,,,384x288,uint8,True,0.9079825000371784,4.113700899994001,5.040448300016578
DB4_B,106_3.tif,data/raw/DB4_B/106_3.tif,24.0,41.0,41.0,40.0,17.0,0.0,-1.0,16.0,success,,,,,,384x288,uint8,True,0.8536274000070989,4.350859199999832,5.234335299988743
DB4_B,106_4.tif,data/raw/DB4_B/106_4.tif,37.0,42.0,41.0,41.0,5.0,-1.0,0.0,4.0,success,,,,,,384x288,uint8,True,0.5836338000372052,4.153700100025162,4.74742770002922
DB4_B,106_5.tif,data/raw/DB4_B/106_5.tif,19.0,30.0,27.0,26.0,11.0,-3.0,-1.0,7.0,success,,,,,,384x288,uint8,True,0.5122086000046693,3.6757661000010557,4.204036200011615
DB4_B,106_6.tif,data/raw/DB4_B/106_6.tif,23.0,35.0,36.0,32.0,12.0,1.0,-4.0,9.0,success,,,,,,384x288,uint8,True,1.0269322999520227,4.694919399975333,5.738656800007448
DB4_B,106_7.tif,data/raw/DB4_B/106_7.tif,26.0,35.0,38.0,40.0,9.0,3.0,2.0,14.0,success,,,,,,384x288,uint8,True,1.0519598999526352,4.809134699986316,5.882872200047132
DB4_B,106_8.tif,data/raw/DB4_B/106_8.tif,28.0,29.0,30.0,30.0,1.0,1.0,0.0,2.0,success,,,,,,384x288,uint8,True,0.9234639999922365,4.108019600040279,5.056072300008964
DB4_B,107_1.tif,data/raw/DB4_B/107_1.tif,31.0,32.0,31.0,30.0,1.0,-1.0,-1.0,-1.0,success,,,,,,384x288,uint8,True,0.9518195000127889,4.143790600006469,5.120035899977665
DB4_B,107_2.tif,data/raw/DB4_B/107_2.tif,33.0,40.0,43.0,43.0,7.0,3.0,0.0,10.0,success,,,,,,384x288,uint8,True,0.8752876000362448,4.162271100038197,5.052264199999627
DB4_B,107_3.tif,data/raw/DB4_B/107_3.tif,32.0,39.0,37.0,38.0,7.0,-2.0,1.0,6.0,success,,,,,,384x288,uint8,True,0.844848999986425,4.227500899985898,5.1020455999532714
DB4_B,107_4.tif,data/raw/DB4_B/107_4.tif,26.0,38.0,38.0,41.0,12.0,0.0,3.0,15.0,success,,,,,,384x288,uint8,True,0.7978108000243083,3.9616617999854498,4.784711000043899
DB4_B,107_5.tif,data/raw/DB4_B/107_5.tif,46.0,46.0,49.0,49.0,0.0,3.0,0.0,3.0,success,,,,,,384x288,uint8,True,0.9778523000422865,4.071129599993583,5.061226000019815
DB4_B,107_6.tif,data/raw/DB4_B/107_6.tif,47.0,51.0,47.0,51.0,4.0,-4.0,4.0,4.0,success,,,,,,384x288,uint8,True,1.0305057000368834,4.805364300031215,5.863959899987094
DB4_B,107_7.tif,data/raw/DB4_B/107_7.tif,18.0,26.0,29.0,28.0,8.0,3.0,-1.0,10.0,success,,,,,,384x288,uint8,True,0.7882007999578491,3.8294854999985546,4.635001499962527
DB4_B,107_8.tif,data/raw/DB4_B/107_8.tif,18.0,34.0,25.0,25.0,16.0,-9.0,0.0,7.0,success,,,,,,384x288,uint8,True,0.8787752999924123,4.137670899974182,5.037948299956042
DB4_B,108_1.tif,data/raw/DB4_B/108_1.tif,31.0,44.0,45.0,41.0,13.0,1.0,-4.0,10.0,success,,,,,,384x288,uint8,True,0.7783810999826528,3.9888896999764256,4.779541399970185
DB4_B,108_2.tif,data/raw/DB4_B/108_2.tif,23.0,30.0,29.0,30.0,7.0,-1.0,1.0,7.0,success,,,,,,384x288,uint8,True,0.6786612999858335,4.137214599992149,4.837056999967899
DB4_B,108_3.tif,data/raw/DB4_B/108_3.tif,8.0,6.0,9.0,9.0,-2.0,3.0,0.0,1.0,success,,,,,,384x288,uint8,True,0.583349900029134,3.8648492000065744,4.472971700015478
DB4_B,108_4.tif,data/raw/DB4_B/108_4.tif,26.0,29.0,26.0,27.0,3.0,-3.0,1.0,1.0,success,,,,,,384x288,uint8,True,0.6848437000298873,4.127331700001378,4.833888799999841
DB4_B,108_5.tif,data/raw/DB4_B/108_5.tif,11.0,25.0,28.0,28.0,14.0,3.0,0.0,17.0,success,,,,,,384x288,uint8,True,0.6555018000071868,4.080398700025398,4.752019300009124
DB4_B,108_6.tif,data/raw/DB4_B/108_6.tif,5.0,25.0,23.0,22.0,20.0,-2.0,-1.0,17.0,success,,,,,,384x288,uint8,True,0.616295900021214,4.064761699992232,4.695628900022712
DB4_B,108_7.tif,data/raw/DB4_B/108_7.tif,28.0,38.0,35.0,35.0,10.0,-3.0,0.0,7.0,success,,,,,,384x288,uint8,True,0.6394818000262603,3.9723235000274144,4.633082700020168
DB4_B,108_8.tif,data/raw/DB4_B/108_8.tif,43.0,31.0,32.0,29.0,-12.0,1.0,-3.0,-14.0,success,,,,,,384x288,uint8,True,0.808500399987679,4.03875380003592,4.872067900025286
DB4_B,109_1.tif,data/raw/DB4_B/109_1.tif,12.0,16.0,19.0,19.0,4.0,3.0,0.0,7.0,success,,,,,,384x288,uint8,True,0.6860990999848582,4.256292500009295,4.967683099966962
DB4_B,109_2.tif,data/raw/DB4_B/109_2.tif,19.0,20.0,21.0,22.0,1.0,1.0,1.0,3.0,success,,,,,,384x288,uint8,True,0.6794780999771319,3.6376026999787427,4.342014399997424
DB4_B,109_3.tif,data/raw/DB4_B/109_3.tif,24.0,38.0,36.0,37.0,14.0,-2.0,1.0,13.0,success,,,,,,384x288,uint8,True,0.6875870999647304,4.174159299989697,4.875097699987236
DB4_B,109_4.tif,data/raw/DB4_B/109_4.tif,5.0,8.0,8.0,11.0,3.0,0.0,3.0,6.0,success,,,,,,384x288,uint8,True,0.6334147999878041,4.00844230002258,4.6610652999952435
DB4_B,109_5.tif,data/raw/DB4_B/109_5.tif,24.0,37.0,42.0,42.0,13.0,5.0,0.0,18.0,success,,,,,,384x288,uint8,True,0.7329144999966957,4.204638299997896,4.961654999991879
DB4_B,109_6.tif,data/raw/DB4_B/109_6.tif,9.0,14.0,9.0,9.0,5.0,-5.0,0.0,0.0,success,,,,,,384x288,uint8,True,0.6072809000033885,4.449659799982328,5.0725570999784395
DB4_B,109_7.tif,data/raw/DB4_B/109_7.tif,14.0,25.0,21.0,22.0,11.0,-4.0,1.0,8.0,success,,,,,,384x288,uint8,True,0.5944013000116684,4.1195091000408866,4.733566700015217
DB4_B,109_8.tif,data/raw/DB4_B/109_8.tif,31.0,36.0,40.0,42.0,5.0,4.0,2.0,11.0,success,,,,,,384x288,uint8,True,0.7005380999762565,3.793689700018149,4.51886910002213
DB4_B,110_1.tif,data/raw/DB4_B/110_1.tif,5.0,5.0,4.0,4.0,0.0,-1.0,0.0,-1.0,success,,,,,,384x288,uint8,True,0.5084084999980405,4.281727299967315,4.804297199996654
DB4_B,110_2.tif,data/raw/DB4_B/110_2.tif,12.0,12.0,10.0,10.0,0.0,-2.0,0.0,-2.0,success,,,,,,384x288,uint8,True,0.6287851999513805,4.208216900005937,4.857681799971033
DB4_B,110_3.tif,data/raw/DB4_B/110_3.tif,3.0,7.0,7.0,7.0,4.0,0.0,0.0,4.0,success,,,,,,384x288,uint8,True,0.6130682999501005,3.932125499995891,4.563218800001778
DB4_B,110_4.tif,data/raw/DB4_B/110_4.tif,3.0,3.0,6.0,4.0,0.0,3.0,-2.0,1.0,success,,,,,,384x288,uint8,True,0.546074999962002,4.547630699991714,5.110726599988993
DB4_B,110_5.tif,data/raw/DB4_B/110_5.tif,5.0,8.0,6.0,6.0,3.0,-2.0,0.0,1.0,success,,,,,,384x288,uint8,True,0.5573493999545462,4.007852200011257,4.584341399953701
DB4_B,110_6.tif,data/raw/DB4_B/110_6.tif,8.0,14.0,17.0,17.0,6.0,3.0,0.0,9.0,success,,,,,,384x288,uint8,True,0.6486164000234567,4.020379599998705,4.693417700007558
DB4_B,110_7.tif,data/raw/DB4_B/110_7.tif,15.0,30.0,25.0,27.0,15.0,-5.0,2.0,12.0,success,,,,,,384x288,uint8,True,0.7312647000071593,4.427460799983237,5.176939600030892
DB4_B,110_8.tif,data/raw/DB4_B/110_8.tif,22.0,28.0,30.0,30.0,6.0,2.0,0.0,8.0,success,,,,,,384x288,uint8,True,0.8225342000368983,4.163152799999807,4.998440399998799
