variant,db,file,raw_nfiq2,raw_error,final_nfiq2,final_error,delta_final
minus_p1,DB1_B,101_1.tif,65.0,,56.0,,-9.0
minus_p2,DB1_B,101_1.tif,65.0,,56.0,,-9.0
minus_p6,DB1_B,101_1.tif,65.0,,58.0,,-7.0
minus_p1,DB1_B,101_2.tif,43.0,,51.0,,8.0
minus_p2,DB1_B,101_2.tif,43.0,,58.0,,15.0
minus_p6,DB1_B,101_2.tif,43.0,,50.0,,7.0
minus_p1,DB1_B,101_3.tif,58.0,,52.0,,-6.0
minus_p2,DB1_B,101_3.tif,58.0,,50.0,,-8.0
minus_p6,DB1_B,101_3.tif,58.0,,45.0,,-13.0
minus_p1,DB1_B,101_4.tif,30.0,,40.0,,10.0
minus_p2,DB1_B,101_4.tif,30.0,,31.0,,1.0
minus_p6,DB1_B,101_4.tif,30.0,,38.0,,8.0
minus_p1,DB1_B,101_5.tif,25.0,,48.0,,23.0
minus_p2,DB1_B,101_5.tif,25.0,,33.0,,8.0
minus_p6,DB1_B,101_5.tif,25.0,,28.0,,3.0
minus_p1,DB1_B,101_6.tif,86.0,,71.0,,-15.0
minus_p2,DB1_B,101_6.tif,86.0,,59.0,,-27.0
minus_p6,DB1_B,101_6.tif,86.0,,60.0,,-26.0
minus_p1,DB1_B,101_7.tif,65.0,,52.0,,-13.0
minus_p2,DB1_B,101_7.tif,65.0,,62.0,,-3.0
minus_p6,DB1_B,101_7.tif,65.0,,49.0,,-16.0
minus_p1,DB1_B,101_8.tif,38.0,,41.0,,3.0
minus_p2,DB1_B,101_8.tif,38.0,,48.0,,10.0
minus_p6,DB1_B,101_8.tif,38.0,,54.0,,16.0
minus_p1,DB1_B,102_1.tif,66.0,,61.0,,-5.0
minus_p2,DB1_B,102_1.tif,66.0,,62.0,,-4.0
minus_p6,DB1_B,102_1.tif,66.0,,64.0,,-2.0
minus_p1,DB1_B,102_2.tif,69.0,,51.0,,-18.0
minus_p2,DB1_B,102_2.tif,69.0,,64.0,,-5.0
minus_p6,DB1_B,102_2.tif,69.0,,62.0,,-7.0
minus_p1,DB1_B,102_3.tif,53.0,,50.0,,-3.0
minus_p2,DB1_B,102_3.tif,53.0,,66.0,,13.0
minus_p6,DB1_B,102_3.tif,53.0,,47.0,,-6.0
minus_p1,DB1_B,102_4.tif,84.0,,65.0,,-19.0
minus_p2,DB1_B,102_4.tif,84.0,,63.0,,-21.0
minus_p6,DB1_B,102_4.tif,84.0,,66.0,,-18.0
minus_p1,DB1_B,102_5.tif,49.0,,47.0,,-2.0
minus_p2,DB1_B,102_5.tif,49.0,,50.0,,1.0
minus_p6,DB1_B,102_5.tif,49.0,,53.0,,4.0
minus_p1,DB1_B,102_6.tif,87.0,,59.0,,-28.0
minus_p2,DB1_B,102_6.tif,87.0,,55.0,,-32.0
minus_p6,DB1_B,102_6.tif,87.0,,67.0,,-20.0
minus_p1,DB1_B,102_7.tif,31.0,,44.0,,13.0
minus_p2,DB1_B,102_7.tif,31.0,,43.0,,12.0
minus_p6,DB1_B,102_7.tif,31.0,,47.0,,16.0
minus_p1,DB1_B,102_8.tif,47.0,,50.0,,3.0
minus_p2,DB1_B,102_8.tif,47.0,,36.0,,-11.0
minus_p6,DB1_B,102_8.tif,47.0,,38.0,,-9.0
minus_p1,DB1_B,103_1.tif,62.0,,65.0,,3.0
minus_p2,DB1_B,103_1.tif,62.0,,52.0,,-10.0
minus_p6,DB1_B,103_1.tif,62.0,,49.0,,-13.0
minus_p1,DB1_B,103_2.tif,67.0,,61.0,,-6.0
minus_p2,DB1_B,103_2.tif,67.0,,54.0,,-13.0
minus_p6,DB1_B,103_2.tif,67.0,,50.0,,-17.0
minus_p1,DB1_B,103_3.tif,70.0,,72.0,,2.0
minus_p2,DB1_B,103_3.tif,70.0,,63.0,,-7.0
minus_p6,DB1_B,103_3.tif,70.0,,60.0,,-10.0
minus_p1,DB1_B,103_4.tif,31.0,,40.0,,9.0
minus_p2,DB1_B,103_4.tif,31.0,,33.0,,2.0
minus_p6,DB1_B,103_4.tif,31.0,,35.0,,4.0
minus_p1,DB1_B,103_5.tif,67.0,,63.0,,-4.0
minus_p2,DB1_B,103_5.tif,67.0,,60.0,,-7.0
minus_p6,DB1_B,103_5.tif,67.0,,53.0,,-14.0
minus_p1,DB1_B,103_6.tif,76.0,,79.0,,3.0
minus_p2,DB1_B,103_6.tif,76.0,,68.0,,-8.0
minus_p6,DB1_B,103_6.tif,76.0,,62.0,,-14.0
minus_p1,DB1_B,103_7.tif,59.0,,57.0,,-2.0
minus_p2,DB1_B,103_7.tif,59.0,,44.0,,-15.0
minus_p6,DB1_B,103_7.tif,59.0,,55.0,,-4.0
minus_p1,DB1_B,103_8.tif,42.0,,40.0,,-2.0
minus_p2,DB1_B,103_8.tif,42.0,,44.0,,2.0
minus_p6,DB1_B,103_8.tif,42.0,,50.0,,8.0
minus_p1,DB1_B,104_1.tif,79.0,,69.0,,-10.0
minus_p2,DB1_B,104_1.tif,79.0,,70.0,,-9.0
minus_p6,DB1_B,104_1.tif,79.0,,65.0,,-14.0
minus_p1,DB1_B,104_2.tif,74.0,,62.0,,-12.0
minus_p2,DB1_B,104_2.tif,74.0,,75.0,,1.0
minus_p6,DB1_B,104_2.tif,74.0,,62.0,,-12.0
minus_p1,DB1_B,104_3.tif,74.0,,58.0,,-16.0
minus_p2,DB1_B,104_3.tif,74.0,,58.0,,-16.0
minus_p6,DB1_B,104_3.tif,74.0,,55.0,,-19.0
minus_p1,DB1_B,104_4.tif,73.0,,62.0,,-11.0
minus_p2,DB1_B,104_4.tif,73.0,,64.0,,-9.0
minus_p6,DB1_B,104_4.tif,73.0,,52.0,,-21.0
minus_p1,DB1_B,104_5.tif,66.0,,57.0,,-9.0
minus_p2,DB1_B,104_5.tif,66.0,,71.0,,5.0
minus_p6,DB1_B,104_5.tif,66.0,,54.0,,-12.0
minus_p1,DB1_B,104_6.tif,63.0,,65.0,,2.0
minus_p2,DB1_B,104_6.tif,63.0,,58.0,,-5.0
minus_p6,DB1_B,104_6.tif,63.0,,51.0,,-12.0
minus_p1,DB1_B,104_7.tif,76.0,,57.0,,-19.0
minus_p2,DB1_B,104_7.tif,76.0,,65.0,,-11.0
minus_p6,DB1_B,104_7.tif,76.0,,61.0,,-15.0
minus_p1,DB1_B,104_8.tif,69.0,,66.0,,-3.0
minus_p2,DB1_B,104_8.tif,69.0,,64.0,,-5.0
minus_p6,DB1_B,104_8.tif,69.0,,56.0,,-13.0
minus_p1,DB1_B,105_1.tif,48.0,,51.0,,3.0
minus_p2,DB1_B,105_1.tif,48.0,,54.0,,6.0
minus_p6,DB1_B,105_1.tif,48.0,,44.0,,-4.0
minus_p1,DB1_B,105_2.tif,80.0,,73.0,,-7.0
minus_p2,DB1_B,105_2.tif,80.0,,72.0,,-8.0
minus_p6,DB1_B,105_2.tif,80.0,,55.0,,-25.0
minus_p1,DB1_B,105_3.tif,77.0,,62.0,,-15.0
minus_p2,DB1_B,105_3.tif,77.0,,64.0,,-13.0
minus_p6,DB1_B,105_3.tif,77.0,,68.0,,-9.0
minus_p1,DB1_B,105_4.tif,55.0,,45.0,,-10.0
minus_p2,DB1_B,105_4.tif,55.0,,54.0,,-1.0
minus_p6,DB1_B,105_4.tif,55.0,,56.0,,1.0
minus_p1,DB1_B,105_5.tif,64.0,,55.0,,-9.0
minus_p2,DB1_B,105_5.tif,64.0,,68.0,,4.0
minus_p6,DB1_B,105_5.tif,64.0,,51.0,,-13.0
minus_p1,DB1_B,105_6.tif,50.0,,42.0,,-8.0
minus_p2,DB1_B,105_6.tif,50.0,,29.0,,-21.0
minus_p6,DB1_B,105_6.tif,50.0,,36.0,,-14.0
minus_p1,DB1_B,105_7.tif,73.0,,56.0,,-17.0
minus_p2,DB1_B,105_7.tif,73.0,,64.0,,-9.0
minus_p6,DB1_B,105_7.tif,73.0,,59.0,,-14.0
minus_p1,DB1_B,105_8.tif,64.0,,45.0,,-19.0
minus_p2,DB1_B,105_8.tif,64.0,,46.0,,-18.0
minus_p6,DB1_B,105_8.tif,64.0,,48.0,,-16.0
minus_p1,DB1_B,106_1.tif,81.0,,57.0,,-24.0
minus_p2,DB1_B,106_1.tif,81.0,,73.0,,-8.0
minus_p6,DB1_B,106_1.tif,81.0,,65.0,,-16.0
minus_p1,DB1_B,106_2.tif,73.0,,56.0,,-17.0
minus_p2,DB1_B,106_2.tif,73.0,,55.0,,-18.0
minus_p6,DB1_B,106_2.tif,73.0,,56.0,,-17.0
minus_p1,DB1_B,106_3.tif,79.0,,64.0,,-15.0
minus_p2,DB1_B,106_3.tif,79.0,,76.0,,-3.0
minus_p6,DB1_B,106_3.tif,79.0,,64.0,,-15.0
minus_p1,DB1_B,106_4.tif,77.0,,58.0,,-19.0
minus_p2,DB1_B,106_4.tif,77.0,,65.0,,-12.0
minus_p6,DB1_B,106_4.tif,77.0,,61.0,,-16.0
minus_p1,DB1_B,106_5.tif,71.0,,66.0,,-5.0
minus_p2,DB1_B,106_5.tif,71.0,,63.0,,-8.0
minus_p6,DB1_B,106_5.tif,71.0,,61.0,,-10.0
minus_p1,DB1_B,106_6.tif,72.0,,61.0,,-11.0
minus_p2,DB1_B,106_6.tif,72.0,,60.0,,-12.0
minus_p6,DB1_B,106_6.tif,72.0,,55.0,,-17.0
minus_p1,DB1_B,106_7.tif,76.0,,67.0,,-9.0
minus_p2,DB1_B,106_7.tif,76.0,,77.0,,1.0
minus_p6,DB1_B,106_7.tif,76.0,,72.0,,-4.0
minus_p1,DB1_B,106_8.tif,71.0,,58.0,,-13.0
minus_p2,DB1_B,106_8.tif,71.0,,68.0,,-3.0
minus_p6,DB1_B,106_8.tif,71.0,,53.0,,-18.0
minus_p1,DB1_B,107_1.tif,71.0,,69.0,,-2.0
minus_p2,DB1_B,107_1.tif,71.0,,75.0,,4.0
minus_p6,DB1_B,107_1.tif,71.0,,69.0,,-2.0
minus_p1,DB1_B,107_2.tif,74.0,,69.0,,-5.0
minus_p2,DB1_B,107_2.tif,74.0,,63.0,,-11.0
minus_p6,DB1_B,107_2.tif,74.0,,60.0,,-14.0
minus_p1,DB1_B,107_3.tif,54.0,,75.0,,21.0
minus_p2,DB1_B,107_3.tif,54.0,,64.0,,10.0
minus_p6,DB1_B,107_3.tif,54.0,,68.0,,14.0
minus_p1,DB1_B,107_4.tif,73.0,,67.0,,-6.0
minus_p2,DB1_B,107_4.tif,73.0,,69.0,,-4.0
minus_p6,DB1_B,107_4.tif,73.0,,66.0,,-7.0
minus_p1,DB1_B,107_5.tif,60.0,,52.0,,-8.0
minus_p2,DB1_B,107_5.tif,60.0,,43.0,,-17.0
minus_p6,DB1_B,107_5.tif,60.0,,55.0,,-5.0
minus_p1,DB1_B,107_6.tif,73.0,,62.0,,-11.0
minus_p2,DB1_B,107_6.tif,73.0,,71.0,,-2.0
minus_p6,DB1_B,107_6.tif,73.0,,59.0,,-14.0
minus_p1,DB1_B,107_7.tif,76.0,,67.0,,-9.0
minus_p2,DB1_B,107_7.tif,76.0,,63.0,,-13.0
minus_p6,DB1_B,107_7.tif,76.0,,64.0,,-12.0
minus_p1,DB1_B,107_8.tif,51.0,,46.0,,-5.0
minus_p2,DB1_B,107_8.tif,51.0,,51.0,,0.0
minus_p6,DB1_B,107_8.tif,51.0,,48.0,,-3.0
minus_p1,DB1_B,108_1.tif,71.0,,71.0,,0.0
minus_p2,DB1_B,108_1.tif,71.0,,64.0,,-7.0
minus_p6,DB1_B,108_1.tif,71.0,,64.0,,-7.0
minus_p1,DB1_B,108_2.tif,79.0,,62.0,,-17.0
minus_p2,DB1_B,108_2.tif,79.0,,77.0,,-2.0
minus_p6,DB1_B,108_2.tif,79.0,,50.0,,-29.0
minus_p1,DB1_B,108_3.tif,82.0,,75.0,,-7.0
minus_p2,DB1_B,108_3.tif,82.0,,76.0,,-6.0
minus_p6,DB1_B,108_3.tif,82.0,,70.0,,-12.0
minus_p1,DB1_B,108_4.tif,75.0,,77.0,,2.0
minus_p2,DB1_B,108_4.tif,75.0,,78.0,,3.0
minus_p6,DB1_B,108_4.tif,75.0,,76.0,,1.0
minus_p1,DB1_B,108_5.tif,44.0,,72.0,,28.0
minus_p2,DB1_B,108_5.tif,44.0,,56.0,,12.0
minus_p6,DB1_B,108_5.tif,44.0,,69.0,,25.0
minus_p1,DB1_B,108_6.tif,78.0,,75.0,,-3.0
minus_p2,DB1_B,108_6.tif,78.0,,72.0,,-6.0
minus_p6,DB1_B,108_6.tif,78.0,,64.0,,-14.0
minus_p1,DB1_B,108_7.tif,68.0,,73.0,,5.0
minus_p2,DB1_B,108_7.tif,68.0,,70.0,,2.0
minus_p6,DB1_B,108_7.tif,68.0,,54.0,,-14.0
minus_p1,DB1_B,108_8.tif,79.0,,70.0,,-9.0
minus_p2,DB1_B,108_8.tif,79.0,,67.0,,-12.0
minus_p6,DB1_B,108_8.tif,79.0,,54.0,,-25.0
minus_p1,DB1_B,109_1.tif,42.0,,42.0,,0.0
minus_p2,DB1_B,109_1.tif,42.0,,47.0,,5.0
minus_p6,DB1_B,109_1.tif,42.0,,40.0,,-2.0
minus_p1,DB1_B,109_2.tif,67.0,,52.0,,-15.0
minus_p2,DB1_B,109_2.tif,67.0,,58.0,,-9.0
minus_p6,DB1_B,109_2.tif,67.0,,60.0,,-7.0
minus_p1,DB1_B,109_3.tif,37.0,,54.0,,17.0
minus_p2,DB1_B,109_3.tif,37.0,,38.0,,1.0
minus_p6,DB1_B,109_3.tif,37.0,,51.0,,14.0
minus_p1,DB1_B,109_4.tif,27.0,,38.0,,11.0
minus_p2,DB1_B,109_4.tif,27.0,,37.0,,10.0
minus_p6,DB1_B,109_4.tif,27.0,,39.0,,12.0
minus_p1,DB1_B,109_5.tif,57.0,,54.0,,-3.0
minus_p2,DB1_B,109_5.tif,57.0,,57.0,,0.0
minus_p6,DB1_B,109_5.tif,57.0,,43.0,,-14.0
minus_p1,DB1_B,109_6.tif,15.0,,17.0,,2.0
minus_p2,DB1_B,109_6.tif,15.0,,30.0,,15.0
minus_p6,DB1_B,109_6.tif,15.0,,19.0,,4.0
minus_p1,DB1_B,109_7.tif,65.0,,68.0,,3.0
minus_p2,DB1_B,109_7.tif,65.0,,66.0,,1.0
minus_p6,DB1_B,109_7.tif,65.0,,72.0,,7.0
minus_p1,DB1_B,109_8.tif,33.0,,28.0,,-5.0
minus_p2,DB1_B,109_8.tif,33.0,,35.0,,2.0
minus_p6,DB1_B,109_8.tif,33.0,,27.0,,-6.0
minus_p1,DB1_B,110_1.tif,49.0,,52.0,,3.0
minus_p2,DB1_B,110_1.tif,49.0,,49.0,,0.0
minus_p6,DB1_B,110_1.tif,49.0,,49.0,,0.0
minus_p1,DB1_B,110_2.tif,53.0,,61.0,,8.0
minus_p2,DB1_B,110_2.tif,53.0,,61.0,,8.0
minus_p6,DB1_B,110_2.tif,53.0,,62.0,,9.0
minus_p1,DB1_B,110_3.tif,53.0,,74.0,,21.0
minus_p2,DB1_B,110_3.tif,53.0,,54.0,,1.0
minus_p6,DB1_B,110_3.tif,53.0,,55.0,,2.0
minus_p1,DB1_B,110_4.tif,51.0,,67.0,,16.0
minus_p2,DB1_B,110_4.tif,51.0,,55.0,,4.0
minus_p6,DB1_B,110_4.tif,51.0,,64.0,,13.0
minus_p1,DB1_B,110_5.tif,55.0,,60.0,,5.0
minus_p2,DB1_B,110_5.tif,55.0,,50.0,,-5.0
minus_p6,DB1_B,110_5.tif,55.0,,52.0,,-3.0
minus_p1,DB1_B,110_6.tif,54.0,,42.0,,-12.0
minus_p2,DB1_B,110_6.tif,54.0,,62.0,,8.0
minus_p6,DB1_B,110_6.tif,54.0,,60.0,,6.0
minus_p1,DB1_B,110_7.tif,81.0,,60.0,,-21.0
minus_p2,DB1_B,110_7.tif,81.0,,73.0,,-8.0
minus_p6,DB1_B,110_7.tif,81.0,,60.0,,-21.0
minus_p1,DB1_B,110_8.tif,61.0,,63.0,,2.0
minus_p2,DB1_B,110_8.tif,61.0,,58.0,,-3.0
minus_p6,DB1_B,110_8.tif,61.0,,63.0,,2.0
minus_p1,DB2_B,101_1.tif,71.0,,72.0,,1.0
minus_p2,DB2_B,101_1.tif,71.0,,77.0,,6.0
minus_p6,DB2_B,101_1.tif,71.0,,79.0,,8.0
minus_p1,DB2_B,101_2.tif,70.0,,61.0,,-9.0
minus_p2,DB2_B,101_2.tif,70.0,,76.0,,6.0
minus_p6,DB2_B,101_2.tif,70.0,,75.0,,5.0
minus_p1,DB2_B,101_3.tif,59.0,,66.0,,7.0
minus_p2,DB2_B,101_3.tif,59.0,,70.0,,11.0
minus_p6,DB2_B,101_3.tif,59.0,,67.0,,8.0
minus_p1,DB2_B,101_4.tif,68.0,,53.0,,-15.0
minus_p2,DB2_B,101_4.tif,68.0,,63.0,,-5.0
minus_p6,DB2_B,101_4.tif,68.0,,68.0,,0.0
minus_p1,DB2_B,101_5.tif,75.0,,65.0,,-10.0
minus_p2,DB2_B,101_5.tif,75.0,,75.0,,0.0
minus_p6,DB2_B,101_5.tif,75.0,,67.0,,-8.0
minus_p1,DB2_B,101_6.tif,63.0,,48.0,,-15.0
minus_p2,DB2_B,101_6.tif,63.0,,59.0,,-4.0
minus_p6,DB2_B,101_6.tif,63.0,,58.0,,-5.0
minus_p1,DB2_B,101_7.tif,21.0,,38.0,,17.0
minus_p2,DB2_B,101_7.tif,21.0,,58.0,,37.0
minus_p6,DB2_B,101_7.tif,21.0,,49.0,,28.0
minus_p1,DB2_B,101_8.tif,21.0,,54.0,,33.0
minus_p2,DB2_B,101_8.tif,21.0,,59.0,,38.0
minus_p6,DB2_B,101_8.tif,21.0,,60.0,,39.0
minus_p1,DB2_B,102_1.tif,68.0,,68.0,,0.0
minus_p2,DB2_B,102_1.tif,68.0,,79.0,,11.0
minus_p6,DB2_B,102_1.tif,68.0,,66.0,,-2.0
minus_p1,DB2_B,102_2.tif,63.0,,51.0,,-12.0
minus_p2,DB2_B,102_2.tif,63.0,,57.0,,-6.0
minus_p6,DB2_B,102_2.tif,63.0,,59.0,,-4.0
minus_p1,DB2_B,102_3.tif,63.0,,69.0,,6.0
minus_p2,DB2_B,102_3.tif,63.0,,78.0,,15.0
minus_p6,DB2_B,102_3.tif,63.0,,83.0,,20.0
minus_p1,DB2_B,102_4.tif,60.0,,56.0,,-4.0
minus_p2,DB2_B,102_4.tif,60.0,,70.0,,10.0
minus_p6,DB2_B,102_4.tif,60.0,,61.0,,1.0
minus_p1,DB2_B,102_5.tif,73.0,,61.0,,-12.0
minus_p2,DB2_B,102_5.tif,73.0,,78.0,,5.0
minus_p6,DB2_B,102_5.tif,73.0,,67.0,,-6.0
minus_p1,DB2_B,102_6.tif,66.0,,59.0,,-7.0
minus_p2,DB2_B,102_6.tif,66.0,,68.0,,2.0
minus_p6,DB2_B,102_6.tif,66.0,,70.0,,4.0
minus_p1,DB2_B,102_7.tif,78.0,,64.0,,-14.0
minus_p2,DB2_B,102_7.tif,78.0,,72.0,,-6.0
minus_p6,DB2_B,102_7.tif,78.0,,64.0,,-14.0
minus_p1,DB2_B,102_8.tif,57.0,,66.0,,9.0
minus_p2,DB2_B,102_8.tif,57.0,,78.0,,21.0
minus_p6,DB2_B,102_8.tif,57.0,,75.0,,18.0
minus_p1,DB2_B,103_1.tif,56.0,,56.0,,0.0
minus_p2,DB2_B,103_1.tif,56.0,,72.0,,16.0
minus_p6,DB2_B,103_1.tif,56.0,,61.0,,5.0
minus_p1,DB2_B,103_2.tif,48.0,,51.0,,3.0
minus_p2,DB2_B,103_2.tif,48.0,,67.0,,19.0
minus_p6,DB2_B,103_2.tif,48.0,,72.0,,24.0
minus_p1,DB2_B,103_3.tif,56.0,,43.0,,-13.0
minus_p2,DB2_B,103_3.tif,56.0,,41.0,,-15.0
minus_p6,DB2_B,103_3.tif,56.0,,46.0,,-10.0
minus_p1,DB2_B,103_4.tif,55.0,,60.0,,5.0
minus_p2,DB2_B,103_4.tif,55.0,,57.0,,2.0
minus_p6,DB2_B,103_4.tif,55.0,,59.0,,4.0
minus_p1,DB2_B,103_5.tif,40.0,,45.0,,5.0
minus_p2,DB2_B,103_5.tif,40.0,,53.0,,13.0
minus_p6,DB2_B,103_5.tif,40.0,,56.0,,16.0
minus_p1,DB2_B,103_6.tif,48.0,,46.0,,-2.0
minus_p2,DB2_B,103_6.tif,48.0,,64.0,,16.0
minus_p6,DB2_B,103_6.tif,48.0,,50.0,,2.0
minus_p1,DB2_B,103_7.tif,49.0,,41.0,,-8.0
minus_p2,DB2_B,103_7.tif,49.0,,58.0,,9.0
minus_p6,DB2_B,103_7.tif,49.0,,58.0,,9.0
minus_p1,DB2_B,103_8.tif,38.0,,55.0,,17.0
minus_p2,DB2_B,103_8.tif,38.0,,62.0,,24.0
minus_p6,DB2_B,103_8.tif,38.0,,57.0,,19.0
minus_p1,DB2_B,104_1.tif,58.0,,46.0,,-12.0
minus_p2,DB2_B,104_1.tif,58.0,,67.0,,9.0
minus_p6,DB2_B,104_1.tif,58.0,,63.0,,5.0
minus_p1,DB2_B,104_2.tif,64.0,,55.0,,-9.0
minus_p2,DB2_B,104_2.tif,64.0,,62.0,,-2.0
minus_p6,DB2_B,104_2.tif,64.0,,60.0,,-4.0
minus_p1,DB2_B,104_3.tif,82.0,,59.0,,-23.0
minus_p2,DB2_B,104_3.tif,82.0,,65.0,,-17.0
minus_p6,DB2_B,104_3.tif,82.0,,70.0,,-12.0
minus_p1,DB2_B,104_4.tif,65.0,,60.0,,-5.0
minus_p2,DB2_B,104_4.tif,65.0,,67.0,,2.0
minus_p6,DB2_B,104_4.tif,65.0,,62.0,,-3.0
minus_p1,DB2_B,104_5.tif,54.0,,46.0,,-8.0
minus_p2,DB2_B,104_5.tif,54.0,,65.0,,11.0
minus_p6,DB2_B,104_5.tif,54.0,,53.0,,-1.0
minus_p1,DB2_B,104_6.tif,61.0,,63.0,,2.0
minus_p2,DB2_B,104_6.tif,61.0,,68.0,,7.0
minus_p6,DB2_B,104_6.tif,61.0,,69.0,,8.0
minus_p1,DB2_B,104_7.tif,69.0,,48.0,,-21.0
minus_p2,DB2_B,104_7.tif,69.0,,56.0,,-13.0
minus_p6,DB2_B,104_7.tif,69.0,,48.0,,-21.0
minus_p1,DB2_B,104_8.tif,17.0,,29.0,,12.0
minus_p2,DB2_B,104_8.tif,17.0,,42.0,,25.0
minus_p6,DB2_B,104_8.tif,17.0,,46.0,,29.0
minus_p1,DB2_B,105_1.tif,62.0,,56.0,,-6.0
minus_p2,DB2_B,105_1.tif,62.0,,73.0,,11.0
minus_p6,DB2_B,105_1.tif,62.0,,80.0,,18.0
minus_p1,DB2_B,105_2.tif,63.0,,55.0,,-8.0
minus_p2,DB2_B,105_2.tif,63.0,,62.0,,-1.0
minus_p6,DB2_B,105_2.tif,63.0,,60.0,,-3.0
minus_p1,DB2_B,105_3.tif,59.0,,58.0,,-1.0
minus_p2,DB2_B,105_3.tif,59.0,,64.0,,5.0
minus_p6,DB2_B,105_3.tif,59.0,,68.0,,9.0
minus_p1,DB2_B,105_4.tif,56.0,,51.0,,-5.0
minus_p2,DB2_B,105_4.tif,56.0,,55.0,,-1.0
minus_p6,DB2_B,105_4.tif,56.0,,60.0,,4.0
minus_p1,DB2_B,105_5.tif,31.0,,39.0,,8.0
minus_p2,DB2_B,105_5.tif,31.0,,27.0,,-4.0
minus_p6,DB2_B,105_5.tif,31.0,,37.0,,6.0
minus_p1,DB2_B,105_6.tif,52.0,,55.0,,3.0
minus_p2,DB2_B,105_6.tif,52.0,,61.0,,9.0
minus_p6,DB2_B,105_6.tif,52.0,,70.0,,18.0
minus_p1,DB2_B,105_7.tif,32.0,,59.0,,27.0
minus_p2,DB2_B,105_7.tif,32.0,,53.0,,21.0
minus_p6,DB2_B,105_7.tif,32.0,,61.0,,29.0
minus_p1,DB2_B,105_8.tif,38.0,,56.0,,18.0
minus_p2,DB2_B,105_8.tif,38.0,,58.0,,20.0
minus_p6,DB2_B,105_8.tif,38.0,,59.0,,21.0
minus_p1,DB2_B,106_1.tif,44.0,,49.0,,5.0
minus_p2,DB2_B,106_1.tif,44.0,,72.0,,28.0
minus_p6,DB2_B,106_1.tif,44.0,,69.0,,25.0
minus_p1,DB2_B,106_2.tif,68.0,,60.0,,-8.0
minus_p2,DB2_B,106_2.tif,68.0,,65.0,,-3.0
minus_p6,DB2_B,106_2.tif,68.0,,79.0,,11.0
minus_p1,DB2_B,106_3.tif,66.0,,61.0,,-5.0
minus_p2,DB2_B,106_3.tif,66.0,,67.0,,1.0
minus_p6,DB2_B,106_3.tif,66.0,,68.0,,2.0
minus_p1,DB2_B,106_4.tif,52.0,,56.0,,4.0
minus_p2,DB2_B,106_4.tif,52.0,,63.0,,11.0
minus_p6,DB2_B,106_4.tif,52.0,,69.0,,17.0
minus_p1,DB2_B,106_5.tif,55.0,,67.0,,12.0
minus_p2,DB2_B,106_5.tif,55.0,,63.0,,8.0
minus_p6,DB2_B,106_5.tif,55.0,,61.0,,6.0
minus_p1,DB2_B,106_6.tif,43.0,,60.0,,17.0
minus_p2,DB2_B,106_6.tif,43.0,,68.0,,25.0
minus_p6,DB2_B,106_6.tif,43.0,,55.0,,12.0
minus_p1,DB2_B,106_7.tif,59.0,,45.0,,-14.0
minus_p2,DB2_B,106_7.tif,59.0,,48.0,,-11.0
minus_p6,DB2_B,106_7.tif,59.0,,50.0,,-9.0
minus_p1,DB2_B,106_8.tif,50.0,,65.0,,15.0
minus_p2,DB2_B,106_8.tif,50.0,,69.0,,19.0
minus_p6,DB2_B,106_8.tif,50.0,,61.0,,11.0
minus_p1,DB2_B,107_1.tif,36.0,,60.0,,24.0
minus_p2,DB2_B,107_1.tif,36.0,,69.0,,33.0
minus_p6,DB2_B,107_1.tif,36.0,,62.0,,26.0
minus_p1,DB2_B,107_2.tif,64.0,,78.0,,14.0
minus_p2,DB2_B,107_2.tif,64.0,,77.0,,13.0
minus_p6,DB2_B,107_2.tif,64.0,,79.0,,15.0
minus_p1,DB2_B,107_3.tif,74.0,,76.0,,2.0
minus_p2,DB2_B,107_3.tif,74.0,,78.0,,4.0
minus_p6,DB2_B,107_3.tif,74.0,,84.0,,10.0
minus_p1,DB2_B,107_4.tif,64.0,,73.0,,9.0
minus_p2,DB2_B,107_4.tif,64.0,,79.0,,15.0
minus_p6,DB2_B,107_4.tif,64.0,,89.0,,25.0
minus_p1,DB2_B,107_5.tif,34.0,,53.0,,19.0
minus_p2,DB2_B,107_5.tif,34.0,,62.0,,28.0
minus_p6,DB2_B,107_5.tif,34.0,,62.0,,28.0
minus_p1,DB2_B,107_6.tif,33.0,,46.0,,13.0
minus_p2,DB2_B,107_6.tif,33.0,,53.0,,20.0
minus_p6,DB2_B,107_6.tif,33.0,,52.0,,19.0
minus_p1,DB2_B,107_7.tif,53.0,,65.0,,12.0
minus_p2,DB2_B,107_7.tif,53.0,,77.0,,24.0
minus_p6,DB2_B,107_7.tif,53.0,,68.0,,15.0
minus_p1,DB2_B,107_8.tif,66.0,,64.0,,-2.0
minus_p2,DB2_B,107_8.tif,66.0,,63.0,,-3.0
minus_p6,DB2_B,107_8.tif,66.0,,64.0,,-2.0
minus_p1,DB2_B,108_1.tif,61.0,,53.0,,-8.0
minus_p2,DB2_B,108_1.tif,61.0,,67.0,,6.0
minus_p6,DB2_B,108_1.tif,61.0,,61.0,,0.0
minus_p1,DB2_B,108_2.tif,58.0,,64.0,,6.0
minus_p2,DB2_B,108_2.tif,58.0,,67.0,,9.0
minus_p6,DB2_B,108_2.tif,58.0,,69.0,,11.0
minus_p1,DB2_B,108_3.tif,46.0,,47.0,,1.0
minus_p2,DB2_B,108_3.tif,46.0,,47.0,,1.0
minus_p6,DB2_B,108_3.tif,46.0,,56.0,,10.0
minus_p1,DB2_B,108_4.tif,55.0,,70.0,,15.0
minus_p2,DB2_B,108_4.tif,55.0,,74.0,,19.0
minus_p6,DB2_B,108_4.tif,55.0,,66.0,,11.0
minus_p1,DB2_B,108_5.tif,52.0,,60.0,,8.0
minus_p2,DB2_B,108_5.tif,52.0,,70.0,,18.0
minus_p6,DB2_B,108_5.tif,52.0,,70.0,,18.0
minus_p1,DB2_B,108_6.tif,58.0,,50.0,,-8.0
minus_p2,DB2_B,108_6.tif,58.0,,54.0,,-4.0
minus_p6,DB2_B,108_6.tif,58.0,,59.0,,1.0
minus_p1,DB2_B,108_7.tif,68.0,,63.0,,-5.0
minus_p2,DB2_B,108_7.tif,68.0,,60.0,,-8.0
minus_p6,DB2_B,108_7.tif,68.0,,71.0,,3.0
minus_p1,DB2_B,108_8.tif,35.0,,58.0,,23.0
minus_p2,DB2_B,108_8.tif,35.0,,74.0,,39.0
minus_p6,DB2_B,108_8.tif,35.0,,59.0,,24.0
minus_p1,DB2_B,109_1.tif,32.0,,49.0,,17.0
minus_p2,DB2_B,109_1.tif,32.0,,39.0,,7.0
minus_p6,DB2_B,109_1.tif,32.0,,39.0,,7.0
minus_p1,DB2_B,109_2.tif,47.0,,63.0,,16.0
minus_p2,DB2_B,109_2.tif,47.0,,56.0,,9.0
minus_p6,DB2_B,109_2.tif,47.0,,55.0,,8.0
minus_p1,DB2_B,109_3.tif,48.0,,43.0,,-5.0
minus_p2,DB2_B,109_3.tif,48.0,,61.0,,13.0
minus_p6,DB2_B,109_3.tif,48.0,,46.0,,-2.0
minus_p1,DB2_B,109_4.tif,41.0,,48.0,,7.0
minus_p2,DB2_B,109_4.tif,41.0,,58.0,,17.0
minus_p6,DB2_B,109_4.tif,41.0,,44.0,,3.0
minus_p1,DB2_B,109_5.tif,52.0,,40.0,,-12.0
minus_p2,DB2_B,109_5.tif,52.0,,39.0,,-13.0
minus_p6,DB2_B,109_5.tif,52.0,,39.0,,-13.0
minus_p1,DB2_B,109_6.tif,17.0,,38.0,,21.0
minus_p2,DB2_B,109_6.tif,17.0,,48.0,,31.0
minus_p6,DB2_B,109_6.tif,17.0,,52.0,,35.0
minus_p1,DB2_B,109_7.tif,21.0,,55.0,,34.0
minus_p2,DB2_B,109_7.tif,21.0,,56.0,,35.0
minus_p6,DB2_B,109_7.tif,21.0,,53.0,,32.0
minus_p1,DB2_B,109_8.tif,9.0,,,Error: NFIQ2 computeUnifiedQualityScore returned an error code: Could not create feature set from raw data: FRFXLL_ERR_FB_TOO_SMALL_AREA: Fingerprint area is too small. Most likely this is because the tip of the finger is presented.,
minus_p2,DB2_B,109_8.tif,9.0,,20.0,,11.0
minus_p6,DB2_B,109_8.tif,9.0,,26.0,,17.0
minus_p1,DB2_B,110_1.tif,47.0,,59.0,,12.0
minus_p2,DB2_B,110_1.tif,47.0,,69.0,,22.0
minus_p6,DB2_B,110_1.tif,47.0,,61.0,,14.0
minus_p1,DB2_B,110_2.tif,43.0,,59.0,,16.0
minus_p2,DB2_B,110_2.tif,43.0,,70.0,,27.0
minus_p6,DB2_B,110_2.tif,43.0,,54.0,,11.0
minus_p1,DB2_B,110_3.tif,33.0,,62.0,,29.0
minus_p2,DB2_B,110_3.tif,33.0,,68.0,,35.0
minus_p6,DB2_B,110_3.tif,33.0,,58.0,,25.0
minus_p1,DB2_B,110_4.tif,30.0,,50.0,,20.0
minus_p2,DB2_B,110_4.tif,30.0,,43.0,,13.0
minus_p6,DB2_B,110_4.tif,30.0,,60.0,,30.0
minus_p1,DB2_B,110_5.tif,33.0,,38.0,,5.0
minus_p2,DB2_B,110_5.tif,33.0,,41.0,,8.0
minus_p6,DB2_B,110_5.tif,33.0,,44.0,,11.0
minus_p1,DB2_B,110_6.tif,24.0,,48.0,,24.0
minus_p2,DB2_B,110_6.tif,24.0,,36.0,,12.0
minus_p6,DB2_B,110_6.tif,24.0,,48.0,,24.0
minus_p1,DB2_B,110_7.tif,26.0,,40.0,,14.0
minus_p2,DB2_B,110_7.tif,26.0,,71.0,,45.0
minus_p6,DB2_B,110_7.tif,26.0,,77.0,,51.0
minus_p1,DB2_B,110_8.tif,10.0,,39.0,,29.0
minus_p2,DB2_B,110_8.tif,10.0,,30.0,,20.0
minus_p6,DB2_B,110_8.tif,10.0,,44.0,,34.0
minus_p1,DB3_B,101_1.tif,40.0,,59.0,,19.0
minus_p2,DB3_B,101_1.tif,40.0,,51.0,,11.0
minus_p6,DB3_B,101_1.tif,40.0,,56.0,,16.0
minus_p1,DB3_B,101_2.tif,32.0,,47.0,,15.0
minus_p2,DB3_B,101_2.tif,32.0,,62.0,,30.0
minus_p6,DB3_B,101_2.tif,32.0,,55.0,,23.0
minus_p1,DB3_B,101_3.tif,38.0,,49.0,,11.0
minus_p2,DB3_B,101_3.tif,38.0,,49.0,,11.0
minus_p6,DB3_B,101_3.tif,38.0,,65.0,,27.0
minus_p1,DB3_B,101_4.tif,17.0,,35.0,,18.0
minus_p2,DB3_B,101_4.tif,17.0,,44.0,,27.0
minus_p6,DB3_B,101_4.tif,17.0,,54.0,,37.0
minus_p1,DB3_B,101_5.tif,42.0,,63.0,,21.0
minus_p2,DB3_B,101_5.tif,42.0,,35.0,,-7.0
minus_p6,DB3_B,101_5.tif,42.0,,38.0,,-4.0
minus_p1,DB3_B,101_6.tif,38.0,,48.0,,10.0
minus_p2,DB3_B,101_6.tif,38.0,,40.0,,2.0
minus_p6,DB3_B,101_6.tif,38.0,,46.0,,8.0
minus_p1,DB3_B,101_7.tif,30.0,,47.0,,17.0
minus_p2,DB3_B,101_7.tif,30.0,,41.0,,11.0
minus_p6,DB3_B,101_7.tif,30.0,,48.0,,18.0
minus_p1,DB3_B,101_8.tif,20.0,,,Error: NFIQ2 computeUnifiedQualityScore returned an error code: Could not create feature set from raw data: FRFXLL_ERR_FB_TOO_SMALL_AREA: Fingerprint area is too small. Most likely this is because the tip of the finger is presented.,
minus_p2,DB3_B,101_8.tif,20.0,,38.0,,18.0
minus_p6,DB3_B,101_8.tif,20.0,,55.0,,35.0
minus_p1,DB3_B,102_1.tif,21.0,,52.0,,31.0
minus_p2,DB3_B,102_1.tif,21.0,,46.0,,25.0
minus_p6,DB3_B,102_1.tif,21.0,,65.0,,44.0
minus_p1,DB3_B,102_2.tif,19.0,,,Error: NFIQ2 computeUnifiedQualityScore returned an error code: Could not create feature set from raw data: FRFXLL_ERR_FB_TOO_SMALL_AREA: Fingerprint area is too small. Most likely this is because the tip of the finger is presented.,
minus_p2,DB3_B,102_2.tif,19.0,,45.0,,26.0
minus_p6,DB3_B,102_2.tif,19.0,,44.0,,25.0
minus_p1,DB3_B,102_3.tif,21.0,,,Error: NFIQ2 computeUnifiedQualityScore returned an error code: Could not create feature set from raw data: FRFXLL_ERR_FB_TOO_SMALL_AREA: Fingerprint area is too small. Most likely this is because the tip of the finger is presented.,
minus_p2,DB3_B,102_3.tif,21.0,,45.0,,24.0
minus_p6,DB3_B,102_3.tif,21.0,,61.0,,40.0
minus_p1,DB3_B,102_4.tif,26.0,,50.0,,24.0
minus_p2,DB3_B,102_4.tif,26.0,,52.0,,26.0
minus_p6,DB3_B,102_4.tif,26.0,,69.0,,43.0
minus_p1,DB3_B,102_5.tif,44.0,,56.0,,12.0
minus_p2,DB3_B,102_5.tif,44.0,,46.0,,2.0
minus_p6,DB3_B,102_5.tif,44.0,,47.0,,3.0
minus_p1,DB3_B,102_6.tif,45.0,,53.0,,8.0
minus_p2,DB3_B,102_6.tif,45.0,,72.0,,27.0
minus_p6,DB3_B,102_6.tif,45.0,,67.0,,22.0
minus_p1,DB3_B,102_7.tif,12.0,,,Error: NFIQ2 computeUnifiedQualityScore returned an error code: Could not create feature set from raw data: FRFXLL_ERR_FB_TOO_SMALL_AREA: Fingerprint area is too small. Most likely this is because the tip of the finger is presented.,
minus_p2,DB3_B,102_7.tif,12.0,,30.0,,18.0
minus_p6,DB3_B,102_7.tif,12.0,,50.0,,38.0
minus_p1,DB3_B,102_8.tif,15.0,,,Error: NFIQ2 computeUnifiedQualityScore returned an error code: Could not create feature set from raw data: FRFXLL_ERR_FB_TOO_SMALL_AREA: Fingerprint area is too small. Most likely this is because the tip of the finger is presented.,
minus_p2,DB3_B,102_8.tif,15.0,,40.0,,25.0
minus_p6,DB3_B,102_8.tif,15.0,,55.0,,40.0
minus_p1,DB3_B,103_1.tif,30.0,,50.0,,20.0
minus_p2,DB3_B,103_1.tif,30.0,,46.0,,16.0
minus_p6,DB3_B,103_1.tif,30.0,,57.0,,27.0
minus_p1,DB3_B,103_2.tif,28.0,,41.0,,13.0
minus_p2,DB3_B,103_2.tif,28.0,,42.0,,14.0
minus_p6,DB3_B,103_2.tif,28.0,,50.0,,22.0
minus_p1,DB3_B,103_3.tif,36.0,,47.0,,11.0
minus_p2,DB3_B,103_3.tif,36.0,,43.0,,7.0
minus_p6,DB3_B,103_3.tif,36.0,,47.0,,11.0
minus_p1,DB3_B,103_4.tif,52.0,,53.0,,1.0
minus_p2,DB3_B,103_4.tif,52.0,,59.0,,7.0
minus_p6,DB3_B,103_4.tif,52.0,,66.0,,14.0
minus_p1,DB3_B,103_5.tif,38.0,,44.0,,6.0
minus_p2,DB3_B,103_5.tif,38.0,,54.0,,16.0
minus_p6,DB3_B,103_5.tif,38.0,,50.0,,12.0
minus_p1,DB3_B,103_6.tif,14.0,,63.0,,49.0
minus_p2,DB3_B,103_6.tif,14.0,,42.0,,28.0
minus_p6,DB3_B,103_6.tif,14.0,,55.0,,41.0
minus_p1,DB3_B,103_7.tif,28.0,,,Error: NFIQ2 computeUnifiedQualityScore returned an error code: Could not create feature set from raw data: FRFXLL_ERR_FB_TOO_SMALL_AREA: Fingerprint area is too small. Most likely this is because the tip of the finger is presented.,
minus_p2,DB3_B,103_7.tif,28.0,,38.0,,10.0
minus_p6,DB3_B,103_7.tif,28.0,,42.0,,14.0
minus_p1,DB3_B,103_8.tif,20.0,,,Error: NFIQ2 computeUnifiedQualityScore returned an error code: Could not create feature set from raw data: FRFXLL_ERR_FB_TOO_SMALL_AREA: Fingerprint area is too small. Most likely this is because the tip of the finger is presented.,
minus_p2,DB3_B,103_8.tif,20.0,,35.0,,15.0
minus_p6,DB3_B,103_8.tif,20.0,,47.0,,27.0
minus_p1,DB3_B,104_1.tif,34.0,,52.0,,18.0
minus_p2,DB3_B,104_1.tif,34.0,,43.0,,9.0
minus_p6,DB3_B,104_1.tif,34.0,,37.0,,3.0
minus_p1,DB3_B,104_2.tif,34.0,,39.0,,5.0
minus_p2,DB3_B,104_2.tif,34.0,,43.0,,9.0
minus_p6,DB3_B,104_2.tif,34.0,,52.0,,18.0
minus_p1,DB3_B,104_3.tif,19.0,,44.0,,25.0
minus_p2,DB3_B,104_3.tif,19.0,,33.0,,14.0
minus_p6,DB3_B,104_3.tif,19.0,,35.0,,16.0
minus_p1,DB3_B,104_4.tif,18.0,,,Error: NFIQ2 computeUnifiedQualityScore returned an error code: Could not create feature set from raw data: FRFXLL_ERR_FB_TOO_SMALL_AREA: Fingerprint area is too small. Most likely this is because the tip of the finger is presented.,
minus_p2,DB3_B,104_4.tif,18.0,,23.0,,5.0
minus_p6,DB3_B,104_4.tif,18.0,,43.0,,25.0
minus_p1,DB3_B,104_5.tif,39.0,,62.0,,23.0
minus_p2,DB3_B,104_5.tif,39.0,,67.0,,28.0
minus_p6,DB3_B,104_5.tif,39.0,,78.0,,39.0
minus_p1,DB3_B,104_6.tif,26.0,,45.0,,19.0
minus_p2,DB3_B,104_6.tif,26.0,,37.0,,11.0
minus_p6,DB3_B,104_6.tif,26.0,,38.0,,12.0
minus_p1,DB3_B,104_7.tif,23.0,,41.0,,18.0
minus_p2,DB3_B,104_7.tif,23.0,,32.0,,9.0
minus_p6,DB3_B,104_7.tif,23.0,,39.0,,16.0
minus_p1,DB3_B,104_8.tif,26.0,,,Error: NFIQ2 computeUnifiedQualityScore returned an error code: Could not create feature set from raw data: FRFXLL_ERR_FB_TOO_SMALL_AREA: Fingerprint area is too small. Most likely this is because the tip of the finger is presented.,
minus_p2,DB3_B,104_8.tif,26.0,,33.0,,7.0
minus_p6,DB3_B,104_8.tif,26.0,,44.0,,18.0
minus_p1,DB3_B,105_1.tif,15.0,,,Error: NFIQ2 computeUnifiedQualityScore returned an error code: Could not create feature set from raw data: FRFXLL_ERR_FB_TOO_SMALL_AREA: Fingerprint area is too small. Most likely this is because the tip of the finger is presented.,
minus_p2,DB3_B,105_1.tif,15.0,,39.0,,24.0
minus_p6,DB3_B,105_1.tif,15.0,,52.0,,37.0
minus_p1,DB3_B,105_2.tif,20.0,,,Error: NFIQ2 computeUnifiedQualityScore returned an error code: Could not create feature set from raw data: FRFXLL_ERR_FB_TOO_SMALL_AREA: Fingerprint area is too small. Most likely this is because the tip of the finger is presented.,
minus_p2,DB3_B,105_2.tif,20.0,,44.0,,24.0
minus_p6,DB3_B,105_2.tif,20.0,,39.0,,19.0
minus_p1,DB3_B,105_3.tif,18.0,,49.0,,31.0
minus_p2,DB3_B,105_3.tif,18.0,,39.0,,21.0
minus_p6,DB3_B,105_3.tif,18.0,,58.0,,40.0
minus_p1,DB3_B,105_4.tif,48.0,,55.0,,7.0
minus_p2,DB3_B,105_4.tif,48.0,,52.0,,4.0
minus_p6,DB3_B,105_4.tif,48.0,,56.0,,8.0
minus_p1,DB3_B,105_5.tif,35.0,,50.0,,15.0
minus_p2,DB3_B,105_5.tif,35.0,,57.0,,22.0
minus_p6,DB3_B,105_5.tif,35.0,,53.0,,18.0
minus_p1,DB3_B,105_6.tif,33.0,,50.0,,17.0
minus_p2,DB3_B,105_6.tif,33.0,,52.0,,19.0
minus_p6,DB3_B,105_6.tif,33.0,,59.0,,26.0
minus_p1,DB3_B,105_7.tif,32.0,,,Error: NFIQ2 computeUnifiedQualityScore returned an error code: Could not create feature set from raw data: FRFXLL_ERR_FB_TOO_SMALL_AREA: Fingerprint area is too small. Most likely this is because the tip of the finger is presented.,
minus_p2,DB3_B,105_7.tif,32.0,,44.0,,12.0
minus_p6,DB3_B,105_7.tif,32.0,,42.0,,10.0
minus_p1,DB3_B,105_8.tif,32.0,,,Error: NFIQ2 computeUnifiedQualityScore returned an error code: Could not create feature set from raw data: FRFXLL_ERR_FB_TOO_SMALL_AREA: Fingerprint area is too small. Most likely this is because the tip of the finger is presented.,
minus_p2,DB3_B,105_8.tif,32.0,,47.0,,15.0
minus_p6,DB3_B,105_8.tif,32.0,,41.0,,9.0
minus_p1,DB3_B,106_1.tif,34.0,,48.0,,14.0
minus_p2,DB3_B,106_1.tif,34.0,,49.0,,15.0
minus_p6,DB3_B,106_1.tif,34.0,,52.0,,18.0
minus_p1,DB3_B,106_2.tif,32.0,,45.0,,13.0
minus_p2,DB3_B,106_2.tif,32.0,,34.0,,2.0
minus_p6,DB3_B,106_2.tif,32.0,,42.0,,10.0
minus_p1,DB3_B,106_3.tif,29.0,,49.0,,20.0
minus_p2,DB3_B,106_3.tif,29.0,,48.0,,19.0
minus_p6,DB3_B,106_3.tif,29.0,,40.0,,11.0
minus_p1,DB3_B,106_4.tif,40.0,,49.0,,9.0
minus_p2,DB3_B,106_4.tif,40.0,,32.0,,-8.0
minus_p6,DB3_B,106_4.tif,40.0,,50.0,,10.0
minus_p1,DB3_B,106_5.tif,19.0,,,Error: NFIQ2 computeUnifiedQualityScore returned an error code: Could not create feature set from raw data: FRFXLL_ERR_FB_TOO_SMALL_AREA: Fingerprint area is too small. Most likely this is because the tip of the finger is presented.,
minus_p2,DB3_B,106_5.tif,19.0,,32.0,,13.0
minus_p6,DB3_B,106_5.tif,19.0,,46.0,,27.0
minus_p1,DB3_B,106_6.tif,22.0,,,Error: NFIQ2 computeUnifiedQualityScore returned an error code: Could not create feature set from raw data: FRFXLL_ERR_FB_TOO_SMALL_AREA: Fingerprint area is too small. Most likely this is because the tip of the finger is presented.,
minus_p2,DB3_B,106_6.tif,22.0,,24.0,,2.0
minus_p6,DB3_B,106_6.tif,22.0,,50.0,,28.0
minus_p1,DB3_B,106_7.tif,14.0,,,Error: NFIQ2 computeUnifiedQualityScore returned an error code: Could not create feature set from raw data: FRFXLL_ERR_FB_TOO_SMALL_AREA: Fingerprint area is too small. Most likely this is because the tip of the finger is presented.,
minus_p2,DB3_B,106_7.tif,14.0,,19.0,,5.0
minus_p6,DB3_B,106_7.tif,14.0,,37.0,,23.0
minus_p1,DB3_B,106_8.tif,9.0,,,Error: NFIQ2 computeUnifiedQualityScore returned an error code: Could not create feature set from raw data: FRFXLL_ERR_FB_TOO_SMALL_AREA: Fingerprint area is too small. Most likely this is because the tip of the finger is presented.,
minus_p2,DB3_B,106_8.tif,9.0,,12.0,,3.0
minus_p6,DB3_B,106_8.tif,9.0,,26.0,,17.0
minus_p1,DB3_B,107_1.tif,29.0,,48.0,,19.0
minus_p2,DB3_B,107_1.tif,29.0,,47.0,,18.0
minus_p6,DB3_B,107_1.tif,29.0,,36.0,,7.0
minus_p1,DB3_B,107_2.tif,14.0,,,Error: NFIQ2 computeUnifiedQualityScore returned an error code: Could not create feature set from raw data: FRFXLL_ERR_FB_TOO_SMALL_AREA: Fingerprint area is too small. Most likely this is because the tip of the finger is presented.,
minus_p2,DB3_B,107_2.tif,14.0,,40.0,,26.0
minus_p6,DB3_B,107_2.tif,14.0,,52.0,,38.0
minus_p1,DB3_B,107_3.tif,16.0,,,Error: NFIQ2 computeUnifiedQualityScore returned an error code: Could not create feature set from raw data: FRFXLL_ERR_FB_TOO_SMALL_AREA: Fingerprint area is too small. Most likely this is because the tip of the finger is presented.,
minus_p2,DB3_B,107_3.tif,16.0,,41.0,,25.0
minus_p6,DB3_B,107_3.tif,16.0,,52.0,,36.0
minus_p1,DB3_B,107_4.tif,32.0,,50.0,,18.0
minus_p2,DB3_B,107_4.tif,32.0,,25.0,,-7.0
minus_p6,DB3_B,107_4.tif,32.0,,41.0,,9.0
minus_p1,DB3_B,107_5.tif,26.0,,54.0,,28.0
minus_p2,DB3_B,107_5.tif,26.0,,33.0,,7.0
minus_p6,DB3_B,107_5.tif,26.0,,54.0,,28.0
minus_p1,DB3_B,107_6.tif,16.0,,,Error: NFIQ2 computeUnifiedQualityScore returned an error code: Could not create feature set from raw data: FRFXLL_ERR_FB_TOO_SMALL_AREA: Fingerprint area is too small. Most likely this is because the tip of the finger is presented.,
minus_p2,DB3_B,107_6.tif,16.0,,38.0,,22.0
minus_p6,DB3_B,107_6.tif,16.0,,54.0,,38.0
minus_p1,DB3_B,107_7.tif,12.0,,,Error: NFIQ2 computeUnifiedQualityScore returned an error code: Could not create feature set from raw data: FRFXLL_ERR_FB_TOO_SMALL_AREA: Fingerprint area is too small. Most likely this is because the tip of the finger is presented.,
minus_p2,DB3_B,107_7.tif,12.0,,13.0,,1.0
minus_p6,DB3_B,107_7.tif,12.0,,31.0,,19.0
minus_p1,DB3_B,107_8.tif,9.0,,,Error: NFIQ2 computeUnifiedQualityScore returned an error code: Could not create feature set from raw data: FRFXLL_ERR_FB_TOO_SMALL_AREA: Fingerprint area is too small. Most likely this is because the tip of the finger is presented.,
minus_p2,DB3_B,107_8.tif,9.0,,11.0,,2.0
minus_p6,DB3_B,107_8.tif,9.0,,28.0,,19.0
minus_p1,DB3_B,108_1.tif,33.0,,36.0,,3.0
minus_p2,DB3_B,108_1.tif,33.0,,29.0,,-4.0
minus_p6,DB3_B,108_1.tif,33.0,,20.0,,-13.0
minus_p1,DB3_B,108_2.tif,24.0,,,Error: NFIQ2 computeUnifiedQualityScore returned an error code: Could not create feature set from raw data: FRFXLL_ERR_FB_TOO_SMALL_AREA: Fingerprint area is too small. Most likely this is because the tip of the finger is presented.,
minus_p2,DB3_B,108_2.tif,24.0,,22.0,,-2.0
minus_p6,DB3_B,108_2.tif,24.0,,22.0,,-2.0
minus_p1,DB3_B,108_3.tif,5.0,,,Error: NFIQ2 computeUnifiedQualityScore returned an error code: Could not create feature set from raw data: FRFXLL_ERR_FB_TOO_SMALL_AREA: Fingerprint area is too small. Most likely this is because the tip of the finger is presented.,
minus_p2,DB3_B,108_3.tif,5.0,,15.0,,10.0
minus_p6,DB3_B,108_3.tif,5.0,,26.0,,21.0
minus_p1,DB3_B,108_4.tif,9.0,,,Error: NFIQ2 computeUnifiedQualityScore returned an error code: Could not create feature set from raw data: FRFXLL_ERR_FB_TOO_SMALL_AREA: Fingerprint area is too small. Most likely this is because the tip of the finger is presented.,
minus_p2,DB3_B,108_4.tif,9.0,,12.0,,3.0
minus_p6,DB3_B,108_4.tif,9.0,,17.0,,8.0
minus_p1,DB3_B,108_5.tif,27.0,,36.0,,9.0
minus_p2,DB3_B,108_5.tif,27.0,,47.0,,20.0
minus_p6,DB3_B,108_5.tif,27.0,,46.0,,19.0
minus_p1,DB3_B,108_6.tif,37.0,,26.0,,-11.0
minus_p2,DB3_B,108_6.tif,37.0,,33.0,,-4.0
minus_p6,DB3_B,108_6.tif,37.0,,29.0,,-8.0
minus_p1,DB3_B,108_7.tif,18.0,,32.0,,14.0
minus_p2,DB3_B,108_7.tif,18.0,,41.0,,23.0
minus_p6,DB3_B,108_7.tif,18.0,,45.0,,27.0
minus_p1,DB3_B,108_8.tif,19.0,,34.0,,15.0
minus_p2,DB3_B,108_8.tif,19.0,,26.0,,7.0
minus_p6,DB3_B,108_8.tif,19.0,,30.0,,11.0
minus_p1,DB3_B,109_1.tif,11.0,,,Error: NFIQ2 computeUnifiedQualityScore returned an error code: Could not create feature set from raw data: FRFXLL_ERR_FB_TOO_SMALL_AREA: Fingerprint area is too small. Most likely this is because the tip of the finger is presented.,
minus_p2,DB3_B,109_1.tif,11.0,,41.0,,30.0
minus_p6,DB3_B,109_1.tif,11.0,,37.0,,26.0
minus_p1,DB3_B,109_2.tif,17.0,,,Error: NFIQ2 computeUnifiedQualityScore returned an error code: Could not create feature set from raw data: FRFXLL_ERR_FB_TOO_SMALL_AREA: Fingerprint area is too small. Most likely this is because the tip of the finger is presented.,
minus_p2,DB3_B,109_2.tif,17.0,,37.0,,20.0
minus_p6,DB3_B,109_2.tif,17.0,,47.0,,30.0
minus_p1,DB3_B,109_3.tif,15.0,,,Error: NFIQ2 computeUnifiedQualityScore returned an error code: Could not create feature set from raw data: FRFXLL_ERR_FB_TOO_SMALL_AREA: Fingerprint area is too small. Most likely this is because the tip of the finger is presented.,
minus_p2,DB3_B,109_3.tif,15.0,,26.0,,11.0
minus_p6,DB3_B,109_3.tif,15.0,,38.0,,23.0
minus_p1,DB3_B,109_4.tif,20.0,,,Error: NFIQ2 computeUnifiedQualityScore returned an error code: Could not create feature set from raw data: FRFXLL_ERR_FB_TOO_SMALL_AREA: Fingerprint area is too small. Most likely this is because the tip of the finger is presented.,
minus_p2,DB3_B,109_4.tif,20.0,,28.0,,8.0
minus_p6,DB3_B,109_4.tif,20.0,,26.0,,6.0
minus_p1,DB3_B,109_5.tif,31.0,,51.0,,20.0
minus_p2,DB3_B,109_5.tif,31.0,,50.0,,19.0
minus_p6,DB3_B,109_5.tif,31.0,,47.0,,16.0
minus_p1,DB3_B,109_6.tif,38.0,,54.0,,16.0
minus_p2,DB3_B,109_6.tif,38.0,,51.0,,13.0
minus_p6,DB3_B,109_6.tif,38.0,,53.0,,15.0
minus_p1,DB3_B,109_7.tif,11.0,,,Error: NFIQ2 computeUnifiedQualityScore returned an error code: Could not create feature set from raw data: FRFXLL_ERR_FB_TOO_SMALL_AREA: Fingerprint area is too small. Most likely this is because the tip of the finger is presented.,
minus_p2,DB3_B,109_7.tif,11.0,,22.0,,11.0
minus_p6,DB3_B,109_7.tif,11.0,,44.0,,33.0
minus_p1,DB3_B,109_8.tif,16.0,,,Error: NFIQ2 computeUnifiedQualityScore returned an error code: Could not create feature set from raw data: FRFXLL_ERR_FB_TOO_SMALL_AREA: Fingerprint area is too small. Most likely this is because the tip of the finger is presented.,
minus_p2,DB3_B,109_8.tif,16.0,,32.0,,16.0
minus_p6,DB3_B,109_8.tif,16.0,,37.0,,21.0
minus_p1,DB3_B,110_1.tif,12.0,,,Error: NFIQ2 computeUnifiedQualityScore returned an error code: Could not create feature set from raw data: FRFXLL_ERR_FB_TOO_SMALL_AREA: Fingerprint area is too small. Most likely this is because the tip of the finger is presented.,
minus_p2,DB3_B,110_1.tif,12.0,,20.0,,8.0
minus_p6,DB3_B,110_1.tif,12.0,,38.0,,26.0
minus_p1,DB3_B,110_2.tif,17.0,,,Error: NFIQ2 computeUnifiedQualityScore returned an error code: Could not create feature set from raw data: FRFXLL_ERR_FB_TOO_SMALL_AREA: Fingerprint area is too small. Most likely this is because the tip of the finger is presented.,
minus_p2,DB3_B,110_2.tif,17.0,,23.0,,6.0
minus_p6,DB3_B,110_2.tif,17.0,,34.0,,17.0
minus_p1,DB3_B,110_3.tif,11.0,,,Error: NFIQ2 computeUnifiedQualityScore returned an error code: Could not create feature set from raw data: FRFXLL_ERR_FB_TOO_SMALL_AREA: Fingerprint area is too small. Most likely this is because the tip of the finger is presented.,
minus_p2,DB3_B,110_3.tif,11.0,,21.0,,10.0
minus_p6,DB3_B,110_3.tif,11.0,,15.0,,4.0
minus_p1,DB3_B,110_4.tif,19.0,,,Error: NFIQ2 computeUnifiedQualityScore returned an error code: Could not create feature set from raw data: FRFXLL_ERR_FB_TOO_SMALL_AREA: Fingerprint area is too small. Most likely this is because the tip of the finger is presented.,
minus_p2,DB3_B,110_4.tif,19.0,,37.0,,18.0
minus_p6,DB3_B,110_4.tif,19.0,,40.0,,21.0
minus_p1,DB3_B,110_5.tif,,Error: NFIQ2 computeUnifiedQualityScore returned an error code: Could not create feature set from raw data: FRFXLL_ERR_FB_TOO_SMALL_AREA: Fingerprint area is too small. Most likely this is because the tip of the finger is presented.,,Error: NFIQ2 computeUnifiedQualityScore returned an error code: Could not create feature set from raw data: FRFXLL_ERR_FB_TOO_SMALL_AREA: Fingerprint area is too small. Most likely this is because the tip of the finger is presented.,
minus_p2,DB3_B,110_5.tif,,Error: NFIQ2 computeUnifiedQualityScore returned an error code: Could not create feature set from raw data: FRFXLL_ERR_FB_TOO_SMALL_AREA: Fingerprint area is too small. Most likely this is because the tip of the finger is presented.,16.0,,
minus_p6,DB3_B,110_5.tif,,Error: NFIQ2 computeUnifiedQualityScore returned an error code: Could not create feature set from raw data: FRFXLL_ERR_FB_TOO_SMALL_AREA: Fingerprint area is too small. Most likely this is because the tip of the finger is presented.,23.0,,
minus_p1,DB3_B,110_6.tif,18.0,,,Error: NFIQ2 computeUnifiedQualityScore returned an error code: Could not create feature set from raw data: FRFXLL_ERR_FB_TOO_SMALL_AREA: Fingerprint area is too small. Most likely this is because the tip of the finger is presented.,
minus_p2,DB3_B,110_6.tif,18.0,,28.0,,10.0
minus_p6,DB3_B,110_6.tif,18.0,,36.0,,18.0
minus_p1,DB3_B,110_7.tif,17.0,,,Error: NFIQ2 computeUnifiedQualityScore returned an error code: Could not create feature set from raw data: FRFXLL_ERR_FB_TOO_SMALL_AREA: Fingerprint area is too small. Most likely this is because the tip of the finger is presented.,
minus_p2,DB3_B,110_7.tif,17.0,,18.0,,1.0
minus_p6,DB3_B,110_7.tif,17.0,,46.0,,29.0
minus_p1,DB3_B,110_8.tif,11.0,,,Error: NFIQ2 computeUnifiedQualityScore returned an error code: Could not create feature set from raw data: FRFXLL_ERR_FB_TOO_SMALL_AREA: Fingerprint area is too small. Most likely this is because the tip of the finger is presented.,
minus_p2,DB3_B,110_8.tif,11.0,,23.0,,12.0
minus_p6,DB3_B,110_8.tif,11.0,,49.0,,38.0
minus_p1,DB4_B,101_1.tif,39.0,,37.0,,-2.0
minus_p2,DB4_B,101_1.tif,39.0,,50.0,,11.0
minus_p6,DB4_B,101_1.tif,39.0,,48.0,,9.0
minus_p1,DB4_B,101_2.tif,39.0,,44.0,,5.0
minus_p2,DB4_B,101_2.tif,39.0,,43.0,,4.0
minus_p6,DB4_B,101_2.tif,39.0,,42.0,,3.0
minus_p1,DB4_B,101_3.tif,42.0,,58.0,,16.0
minus_p2,DB4_B,101_3.tif,42.0,,57.0,,15.0
minus_p6,DB4_B,101_3.tif,42.0,,50.0,,8.0
minus_p1,DB4_B,101_4.tif,50.0,,51.0,,1.0
minus_p2,DB4_B,101_4.tif,50.0,,43.0,,-7.0
minus_p6,DB4_B,101_4.tif,50.0,,48.0,,-2.0
minus_p1,DB4_B,101_5.tif,37.0,,44.0,,7.0
minus_p2,DB4_B,101_5.tif,37.0,,40.0,,3.0
minus_p6,DB4_B,101_5.tif,37.0,,52.0,,15.0
minus_p1,DB4_B,101_6.tif,37.0,,58.0,,21.0
minus_p2,DB4_B,101_6.tif,37.0,,54.0,,17.0
minus_p6,DB4_B,101_6.tif,37.0,,50.0,,13.0
minus_p1,DB4_B,101_7.tif,37.0,,34.0,,-3.0
minus_p2,DB4_B,101_7.tif,37.0,,32.0,,-5.0
minus_p6,DB4_B,101_7.tif,37.0,,43.0,,6.0
minus_p1,DB4_B,101_8.tif,35.0,,41.0,,6.0
minus_p2,DB4_B,101_8.tif,35.0,,39.0,,4.0
minus_p6,DB4_B,101_8.tif,35.0,,35.0,,0.0
minus_p1,DB4_B,102_1.tif,44.0,,60.0,,16.0
minus_p2,DB4_B,102_1.tif,44.0,,52.0,,8.0
minus_p6,DB4_B,102_1.tif,44.0,,64.0,,20.0
minus_p1,DB4_B,102_2.tif,42.0,,54.0,,12.0
minus_p2,DB4_B,102_2.tif,42.0,,53.0,,11.0
minus_p6,DB4_B,102_2.tif,42.0,,59.0,,17.0
minus_p1,DB4_B,102_3.tif,27.0,,41.0,,14.0
minus_p2,DB4_B,102_3.tif,27.0,,57.0,,30.0
minus_p6,DB4_B,102_3.tif,27.0,,60.0,,33.0
minus_p1,DB4_B,102_4.tif,38.0,,60.0,,22.0
minus_p2,DB4_B,102_4.tif,38.0,,47.0,,9.0
minus_p6,DB4_B,102_4.tif,38.0,,55.0,,17.0
minus_p1,DB4_B,102_5.tif,29.0,,51.0,,22.0
minus_p2,DB4_B,102_5.tif,29.0,,50.0,,21.0
minus_p6,DB4_B,102_5.tif,29.0,,50.0,,21.0
minus_p1,DB4_B,102_6.tif,46.0,,47.0,,1.0
minus_p2,DB4_B,102_6.tif,46.0,,55.0,,9.0
minus_p6,DB4_B,102_6.tif,46.0,,42.0,,-4.0
minus_p1,DB4_B,102_7.tif,31.0,,46.0,,15.0
minus_p2,DB4_B,102_7.tif,31.0,,44.0,,13.0
minus_p6,DB4_B,102_7.tif,31.0,,60.0,,29.0
minus_p1,DB4_B,102_8.tif,51.0,,51.0,,0.0
minus_p2,DB4_B,102_8.tif,51.0,,48.0,,-3.0
minus_p6,DB4_B,102_8.tif,51.0,,57.0,,6.0
minus_p1,DB4_B,103_1.tif,44.0,,49.0,,5.0
minus_p2,DB4_B,103_1.tif,44.0,,46.0,,2.0
minus_p6,DB4_B,103_1.tif,44.0,,44.0,,0.0
minus_p1,DB4_B,103_2.tif,43.0,,46.0,,3.0
minus_p2,DB4_B,103_2.tif,43.0,,57.0,,14.0
minus_p6,DB4_B,103_2.tif,43.0,,39.0,,-4.0
minus_p1,DB4_B,103_3.tif,46.0,,48.0,,2.0
minus_p2,DB4_B,103_3.tif,46.0,,43.0,,-3.0
minus_p6,DB4_B,103_3.tif,46.0,,49.0,,3.0
minus_p1,DB4_B,103_4.tif,34.0,,39.0,,5.0
minus_p2,DB4_B,103_4.tif,34.0,,54.0,,20.0
minus_p6,DB4_B,103_4.tif,34.0,,50.0,,16.0
minus_p1,DB4_B,103_5.tif,44.0,,47.0,,3.0
minus_p2,DB4_B,103_5.tif,44.0,,43.0,,-1.0
minus_p6,DB4_B,103_5.tif,44.0,,46.0,,2.0
minus_p1,DB4_B,103_6.tif,38.0,,48.0,,10.0
minus_p2,DB4_B,103_6.tif,38.0,,46.0,,8.0
minus_p6,DB4_B,103_6.tif,38.0,,45.0,,7.0
minus_p1,DB4_B,103_7.tif,43.0,,46.0,,3.0
minus_p2,DB4_B,103_7.tif,43.0,,50.0,,7.0
minus_p6,DB4_B,103_7.tif,43.0,,46.0,,3.0
minus_p1,DB4_B,103_8.tif,39.0,,44.0,,5.0
minus_p2,DB4_B,103_8.tif,39.0,,46.0,,7.0
minus_p6,DB4_B,103_8.tif,39.0,,48.0,,9.0
minus_p1,DB4_B,104_1.tif,20.0,,,Error: NFIQ2 computeUnifiedQualityScore returned an error code: Could not create feature set from raw data: FRFXLL_ERR_FB_TOO_SMALL_AREA: Fingerprint area is too small. Most likely this is because the tip of the finger is presented.,
minus_p2,DB4_B,104_1.tif,20.0,,38.0,,18.0
minus_p6,DB4_B,104_1.tif,20.0,,60.0,,40.0
minus_p1,DB4_B,104_2.tif,40.0,,36.0,,-4.0
minus_p2,DB4_B,104_2.tif,40.0,,55.0,,15.0
minus_p6,DB4_B,104_2.tif,40.0,,61.0,,21.0
minus_p1,DB4_B,104_3.tif,46.0,,,Error: NFIQ2 computeUnifiedQualityScore returned an error code: Could not create feature set from raw data: FRFXLL_ERR_FB_TOO_SMALL_AREA: Fingerprint area is too small. Most likely this is because the tip of the finger is presented.,
minus_p2,DB4_B,104_3.tif,46.0,,54.0,,8.0
minus_p6,DB4_B,104_3.tif,46.0,,63.0,,17.0
minus_p1,DB4_B,104_4.tif,45.0,,36.0,,-9.0
minus_p2,DB4_B,104_4.tif,45.0,,44.0,,-1.0
minus_p6,DB4_B,104_4.tif,45.0,,43.0,,-2.0
minus_p1,DB4_B,104_5.tif,46.0,,,Error: NFIQ2 computeUnifiedQualityScore returned an error code: Could not create feature set from raw data: FRFXLL_ERR_FB_TOO_SMALL_AREA: Fingerprint area is too small. Most likely this is because the tip of the finger is presented.,
minus_p2,DB4_B,104_5.tif,46.0,,41.0,,-5.0
minus_p6,DB4_B,104_5.tif,46.0,,61.0,,15.0
minus_p1,DB4_B,104_6.tif,31.0,,36.0,,5.0
minus_p2,DB4_B,104_6.tif,31.0,,41.0,,10.0
minus_p6,DB4_B,104_6.tif,31.0,,59.0,,28.0
minus_p1,DB4_B,104_7.tif,33.0,,54.0,,21.0
minus_p2,DB4_B,104_7.tif,33.0,,43.0,,10.0
minus_p6,DB4_B,104_7.tif,33.0,,55.0,,22.0
minus_p1,DB4_B,104_8.tif,36.0,,,Error: NFIQ2 computeUnifiedQualityScore returned an error code: Could not create feature set from raw data: FRFXLL_ERR_FB_TOO_SMALL_AREA: Fingerprint area is too small. Most likely this is because the tip of the finger is presented.,
minus_p2,DB4_B,104_8.tif,36.0,,48.0,,12.0
minus_p6,DB4_B,104_8.tif,36.0,,63.0,,27.0
minus_p1,DB4_B,105_1.tif,19.0,,37.0,,18.0
minus_p2,DB4_B,105_1.tif,19.0,,43.0,,24.0
minus_p6,DB4_B,105_1.tif,19.0,,46.0,,27.0
minus_p1,DB4_B,105_2.tif,24.0,,46.0,,22.0
minus_p2,DB4_B,105_2.tif,24.0,,44.0,,20.0
minus_p6,DB4_B,105_2.tif,24.0,,46.0,,22.0
minus_p1,DB4_B,105_3.tif,29.0,,43.0,,14.0
minus_p2,DB4_B,105_3.tif,29.0,,40.0,,11.0
minus_p6,DB4_B,105_3.tif,29.0,,49.0,,20.0
minus_p1,DB4_B,105_4.tif,27.0,,44.0,,17.0
minus_p2,DB4_B,105_4.tif,27.0,,39.0,,12.0
minus_p6,DB4_B,105_4.tif,27.0,,48.0,,21.0
minus_p1,DB4_B,105_5.tif,33.0,,54.0,,21.0
minus_p2,DB4_B,105_5.tif,33.0,,41.0,,8.0
minus_p6,DB4_B,105_5.tif,33.0,,46.0,,13.0
minus_p1,DB4_B,105_6.tif,26.0,,49.0,,23.0
minus_p2,DB4_B,105_6.tif,26.0,,42.0,,16.0
minus_p6,DB4_B,105_6.tif,26.0,,43.0,,17.0
minus_p1,DB4_B,105_7.tif,29.0,,50.0,,21.0
minus_p2,DB4_B,105_7.tif,29.0,,47.0,,18.0
minus_p6,DB4_B,105_7.tif,29.0,,53.0,,24.0
minus_p1,DB4_B,105_8.tif,30.0,,46.0,,16.0
minus_p2,DB4_B,105_8.tif,30.0,,43.0,,13.0
minus_p6,DB4_B,105_8.tif,30.0,,54.0,,24.0
minus_p1,DB4_B,106_1.tif,14.0,,18.0,,4.0
minus_p2,DB4_B,106_1.tif,14.0,,32.0,,18.0
minus_p6,DB4_B,106_1.tif,14.0,,41.0,,27.0
minus_p1,DB4_B,106_2.tif,24.0,,32.0,,8.0
minus_p2,DB4_B,106_2.tif,24.0,,35.0,,11.0
minus_p6,DB4_B,106_2.tif,24.0,,48.0,,24.0
minus_p1,DB4_B,106_3.tif,24.0,,48.0,,24.0
minus_p2,DB4_B,106_3.tif,24.0,,52.0,,28.0
minus_p6,DB4_B,106_3.tif,24.0,,47.0,,23.0
minus_p1,DB4_B,106_4.tif,37.0,,51.0,,14.0
minus_p2,DB4_B,106_4.tif,37.0,,48.0,,11.0
minus_p6,DB4_B,106_4.tif,37.0,,46.0,,9.0
minus_p1,DB4_B,106_5.tif,19.0,,26.0,,7.0
minus_p2,DB4_B,106_5.tif,19.0,,32.0,,13.0
minus_p6,DB4_B,106_5.tif,19.0,,34.0,,15.0
minus_p1,DB4_B,106_6.tif,23.0,,44.0,,21.0
minus_p2,DB4_B,106_6.tif,23.0,,48.0,,25.0
minus_p6,DB4_B,106_6.tif,23.0,,39.0,,16.0
minus_p1,DB4_B,106_7.tif,26.0,,37.0,,11.0
minus_p2,DB4_B,106_7.tif,26.0,,44.0,,18.0
minus_p6,DB4_B,106_7.tif,26.0,,43.0,,17.0
minus_p1,DB4_B,106_8.tif,28.0,,23.0,,-5.0
minus_p2,DB4_B,106_8.tif,28.0,,44.0,,16.0
minus_p6,DB4_B,106_8.tif,28.0,,44.0,,16.0
minus_p1,DB4_B,107_1.tif,31.0,,52.0,,21.0
minus_p2,DB4_B,107_1.tif,31.0,,59.0,,28.0
minus_p6,DB4_B,107_1.tif,31.0,,63.0,,32.0
minus_p1,DB4_B,107_2.tif,33.0,,47.0,,14.0
minus_p2,DB4_B,107_2.tif,33.0,,63.0,,30.0
minus_p6,DB4_B,107_2.tif,33.0,,57.0,,24.0
minus_p1,DB4_B,107_3.tif,32.0,,,Error: NFIQ2 computeUnifiedQualityScore returned an error code: Could not create feature set from raw data: FRFXLL_ERR_FB_TOO_SMALL_AREA: Fingerprint area is too small. Most likely this is because the tip of the finger is presented.,
minus_p2,DB4_B,107_3.tif,32.0,,47.0,,15.0
minus_p6,DB4_B,107_3.tif,32.0,,50.0,,18.0
minus_p1,DB4_B,107_4.tif,26.0,,,Error: NFIQ2 computeUnifiedQualityScore returned an error code: Could not create feature set from raw data: FRFXLL_ERR_FB_TOO_SMALL_AREA: Fingerprint area is too small. Most likely this is because the tip of the finger is presented.,
minus_p2,DB4_B,107_4.tif,26.0,,47.0,,21.0
minus_p6,DB4_B,107_4.tif,26.0,,50.0,,24.0
minus_p1,DB4_B,107_5.tif,46.0,,43.0,,-3.0
minus_p2,DB4_B,107_5.tif,46.0,,59.0,,13.0
minus_p6,DB4_B,107_5.tif,46.0,,52.0,,6.0
minus_p1,DB4_B,107_6.tif,47.0,,59.0,,12.0
minus_p2,DB4_B,107_6.tif,47.0,,55.0,,8.0
minus_p6,DB4_B,107_6.tif,47.0,,63.0,,16.0
minus_p1,DB4_B,107_7.tif,18.0,,25.0,,7.0
minus_p2,DB4_B,107_7.tif,18.0,,37.0,,19.0
minus_p6,DB4_B,107_7.tif,18.0,,37.0,,19.0
minus_p1,DB4_B,107_8.tif,18.0,,50.0,,32.0
minus_p2,DB4_B,107_8.tif,18.0,,47.0,,29.0
minus_p6,DB4_B,107_8.tif,18.0,,61.0,,43.0
minus_p1,DB4_B,108_1.tif,31.0,,42.0,,11.0
minus_p2,DB4_B,108_1.tif,31.0,,42.0,,11.0
minus_p6,DB4_B,108_1.tif,31.0,,43.0,,12.0
minus_p1,DB4_B,108_2.tif,23.0,,19.0,,-4.0
minus_p2,DB4_B,108_2.tif,23.0,,38.0,,15.0
minus_p6,DB4_B,108_2.tif,23.0,,27.0,,4.0
minus_p1,DB4_B,108_3.tif,8.0,,18.0,,10.0
minus_p2,DB4_B,108_3.tif,8.0,,7.0,,-1.0
minus_p6,DB4_B,108_3.tif,8.0,,24.0,,16.0
minus_p1,DB4_B,108_4.tif,26.0,,37.0,,11.0
minus_p2,DB4_B,108_4.tif,26.0,,38.0,,12.0
minus_p6,DB4_B,108_4.tif,26.0,,46.0,,20.0
minus_p1,DB4_B,108_5.tif,11.0,,16.0,,5.0
minus_p2,DB4_B,108_5.tif,11.0,,19.0,,8.0
minus_p6,DB4_B,108_5.tif,11.0,,30.0,,19.0
minus_p1,DB4_B,108_6.tif,5.0,,7.0,,2.0
minus_p2,DB4_B,108_6.tif,5.0,,37.0,,32.0
minus_p6,DB4_B,108_6.tif,5.0,,33.0,,28.0
minus_p1,DB4_B,108_7.tif,28.0,,44.0,,16.0
minus_p2,DB4_B,108_7.tif,28.0,,31.0,,3.0
minus_p6,DB4_B,108_7.tif,28.0,,40.0,,12.0
minus_p1,DB4_B,108_8.tif,43.0,,44.0,,1.0
minus_p2,DB4_B,108_8.tif,43.0,,44.0,,1.0
minus_p6,DB4_B,108_8.tif,43.0,,44.0,,1.0
minus_p1,DB4_B,109_1.tif,12.0,,32.0,,20.0
minus_p2,DB4_B,109_1.tif,12.0,,32.0,,20.0
minus_p6,DB4_B,109_1.tif,12.0,,45.0,,33.0
minus_p1,DB4_B,109_2.tif,19.0,,22.0,,3.0
minus_p2,DB4_B,109_2.tif,19.0,,37.0,,18.0
minus_p6,DB4_B,109_2.tif,19.0,,50.0,,31.0
minus_p1,DB4_B,109_3.tif,24.0,,31.0,,7.0
minus_p2,DB4_B,109_3.tif,24.0,,36.0,,12.0
minus_p6,DB4_B,109_3.tif,24.0,,40.0,,16.0
minus_p1,DB4_B,109_4.tif,5.0,,18.0,,13.0
minus_p2,DB4_B,109_4.tif,5.0,,32.0,,27.0
minus_p6,DB4_B,109_4.tif,5.0,,28.0,,23.0
minus_p1,DB4_B,109_5.tif,24.0,,42.0,,18.0
minus_p2,DB4_B,109_5.tif,24.0,,49.0,,25.0
minus_p6,DB4_B,109_5.tif,24.0,,44.0,,20.0
minus_p1,DB4_B,109_6.tif,9.0,,21.0,,12.0
minus_p2,DB4_B,109_6.tif,9.0,,26.0,,17.0
minus_p6,DB4_B,109_6.tif,9.0,,41.0,,32.0
minus_p1,DB4_B,109_7.tif,14.0,,19.0,,5.0
minus_p2,DB4_B,109_7.tif,14.0,,39.0,,25.0
minus_p6,DB4_B,109_7.tif,14.0,,30.0,,16.0
minus_p1,DB4_B,109_8.tif,31.0,,32.0,,1.0
minus_p2,DB4_B,109_8.tif,31.0,,43.0,,12.0
minus_p6,DB4_B,109_8.tif,31.0,,47.0,,16.0
minus_p1,DB4_B,110_1.tif,5.0,,,Error: NFIQ2 computeUnifiedQualityScore returned an error code: Could not create feature set from raw data: FRFXLL_ERR_FB_TOO_SMALL_AREA: Fingerprint area is too small. Most likely this is because the tip of the finger is presented.,
minus_p2,DB4_B,110_1.tif,5.0,,23.0,,18.0
minus_p6,DB4_B,110_1.tif,5.0,,36.0,,31.0
minus_p1,DB4_B,110_2.tif,12.0,,,Error: NFIQ2 computeUnifiedQualityScore returned an error code: Could not create feature set from raw data: FRFXLL_ERR_FB_TOO_SMALL_AREA: Fingerprint area is too small. Most likely this is because the tip of the finger is presented.,
minus_p2,DB4_B,110_2.tif,12.0,,28.0,,16.0
minus_p6,DB4_B,110_2.tif,12.0,,26.0,,14.0
minus_p1,DB4_B,110_3.tif,3.0,,,Error: NFIQ2 computeUnifiedQualityScore returned an error code: Could not create feature set from raw data: FRFXLL_ERR_FB_TOO_SMALL_AREA: Fingerprint area is too small. Most likely this is because the tip of the finger is presented.,
minus_p2,DB4_B,110_3.tif,3.0,,31.0,,28.0
minus_p6,DB4_B,110_3.tif,3.0,,23.0,,20.0
minus_p1,DB4_B,110_4.tif,3.0,,,Error: NFIQ2 computeUnifiedQualityScore returned an error code: Could not create feature set from raw data: FRFXLL_ERR_FB_TOO_SMALL_AREA: Fingerprint area is too small. Most likely this is because the tip of the finger is presented.,
minus_p2,DB4_B,110_4.tif,3.0,,8.0,,5.0
minus_p6,DB4_B,110_4.tif,3.0,,14.0,,11.0
minus_p1,DB4_B,110_5.tif,5.0,,,Error: NFIQ2 computeUnifiedQualityScore returned an error code: Could not create feature set from raw data: FRFXLL_ERR_FB_TOO_SMALL_AREA: Fingerprint area is too small. Most likely this is because the tip of the finger is presented.,
minus_p2,DB4_B,110_5.tif,5.0,,15.0,,10.0
minus_p6,DB4_B,110_5.tif,5.0,,25.0,,20.0
minus_p1,DB4_B,110_6.tif,8.0,,,Error: NFIQ2 computeUnifiedQualityScore returned an error code: Could not create feature set from raw data: FRFXLL_ERR_FB_TOO_SMALL_AREA: Fingerprint area is too small. Most likely this is because the tip of the finger is presented.,
minus_p2,DB4_B,110_6.tif,8.0,,29.0,,21.0
minus_p6,DB4_B,110_6.tif,8.0,,26.0,,18.0
minus_p1,DB4_B,110_7.tif,15.0,,31.0,,16.0
minus_p2,DB4_B,110_7.tif,15.0,,45.0,,30.0
minus_p6,DB4_B,110_7.tif,15.0,,40.0,,25.0
minus_p1,DB4_B,110_8.tif,22.0,,30.0,,8.0
minus_p2,DB4_B,110_8.tif,22.0,,42.0,,20.0
minus_p6,DB4_B,110_8.tif,22.0,,50.0,,28.0
