database,filename,relative_path,raw_nfiq2,stage1_p1_nfiq2,stage2_p1_p2_nfiq2,stage3_p1_p2_p6_nfiq2,delta_p1,delta_p2,delta_p6,delta_final,processing_status,error,raw_error,stage1_error,stage2_error,stage3_error,stage3_equals_enhance,shape,dtype,processing_seconds,scoring_seconds,total_seconds
DB1_B,101_1.tif,data/raw/DB1_B/101_1.tif,65.0,54.0,57.0,56.0,-11.0,3.0,-1.0,-9.0,success,,,,,,True,374x388,uint8,0.07753510000475217,1.6546614000035333,1.7330579999979818
DB1_B,101_2.tif,data/raw/DB1_B/101_2.tif,43.0,51.0,46.0,50.0,8.0,-5.0,4.0,7.0,success,,,,,,True,374x388,uint8,0.07857469999726163,1.695722600001318,1.775050199998077
DB1_B,101_3.tif,data/raw/DB1_B/101_3.tif,58.0,62.0,61.0,54.0,4.0,-1.0,-7.0,-4.0,success,,,,,,True,374x388,uint8,0.10710000000108266,1.7834540000039851,1.891858000002685
DB1_B,101_4.tif,data/raw/DB1_B/101_4.tif,30.0,31.0,33.0,36.0,1.0,2.0,3.0,6.0,success,,,,,,True,374x388,uint8,0.09833149999758461,1.6618568999983836,1.7611555000039516
DB1_B,101_5.tif,data/raw/DB1_B/101_5.tif,25.0,24.0,28.0,28.0,-1.0,4.0,0.0,3.0,success,,,,,,True,374x388,uint8,0.10525110000162385,1.6921063999980106,1.7984593000001041
DB1_B,101_6.tif,data/raw/DB1_B/101_6.tif,86.0,63.0,63.0,66.0,-23.0,0.0,3.0,-20.0,success,,,,,,True,374x388,uint8,0.09978359999513486,1.6721365000048536,1.7732671999983722
DB1_B,101_7.tif,data/raw/DB1_B/101_7.tif,65.0,60.0,65.0,64.0,-5.0,5.0,-1.0,-1.0,success,,,,,,True,374x388,uint8,0.08732210000016494,1.5916204000022844,1.6798456000033184
DB1_B,101_8.tif,data/raw/DB1_B/101_8.tif,38.0,38.0,38.0,39.0,0.0,0.0,1.0,1.0,success,,,,,,True,374x388,uint8,0.08652379999693949,1.6125859999956447,1.7002035999976215
DB1_B,102_1.tif,data/raw/DB1_B/102_1.tif,66.0,74.0,72.0,68.0,8.0,-2.0,-4.0,2.0,success,,,,,,True,374x388,uint8,0.10613829999783775,1.671272300001874,1.7784547999981442
DB1_B,102_2.tif,data/raw/DB1_B/102_2.tif,69.0,58.0,54.0,62.0,-11.0,-4.0,8.0,-7.0,success,,,,,,True,374x388,uint8,0.10302609999780543,1.6332512999942992,1.7370149999987916
DB1_B,102_3.tif,data/raw/DB1_B/102_3.tif,53.0,50.0,50.0,55.0,-3.0,0.0,5.0,2.0,success,,,,,,True,374x388,uint8,0.09633999999641674,1.5956290999965859,1.6930826000025263
DB1_B,102_4.tif,data/raw/DB1_B/102_4.tif,84.0,82.0,83.0,79.0,-2.0,1.0,-4.0,-5.0,success,,,,,,True,374x388,uint8,0.08735619999788469,1.6574610000025132,1.7457276999994065
DB1_B,102_5.tif,data/raw/DB1_B/102_5.tif,49.0,49.0,50.0,50.0,0.0,1.0,0.0,1.0,success,,,,,,True,374x388,uint8,0.08627150000393158,1.5530464000039501,1.640374200003862
DB1_B,102_6.tif,data/raw/DB1_B/102_6.tif,87.0,90.0,87.0,73.0,3.0,-3.0,-14.0,-14.0,success,,,,,,True,374x388,uint8,0.09068249999836553,1.6262193000002299,1.7178622999999789
DB1_B,102_7.tif,data/raw/DB1_B/102_7.tif,31.0,38.0,39.0,37.0,7.0,1.0,-2.0,6.0,success,,,,,,True,374x388,uint8,0.08555460000206949,1.556276600000274,1.6432207000034396
DB1_B,102_8.tif,data/raw/DB1_B/102_8.tif,47.0,40.0,48.0,46.0,-7.0,8.0,-2.0,-1.0,success,,,,,,True,374x388,uint8,0.08445400000346126,1.5581748000040534,1.643504400002712
DB1_B,103_1.tif,data/raw/DB1_B/103_1.tif,62.0,70.0,70.0,71.0,8.0,0.0,1.0,9.0,success,,,,,,True,374x388,uint8,0.08622730000206502,1.5710531000004266,1.658230299995921
DB1_B,103_2.tif,data/raw/DB1_B/103_2.tif,67.0,62.0,62.0,61.0,-5.0,0.0,-1.0,-6.0,success,,,,,,True,374x388,uint8,0.10297549999813782,1.564684999997553,1.6691974999994272
DB1_B,103_3.tif,data/raw/DB1_B/103_3.tif,70.0,72.0,69.0,68.0,2.0,-3.0,-1.0,-2.0,success,,,,,,True,374x388,uint8,0.08301429999846732,1.5802541000011843,1.664332000000286
DB1_B,103_4.tif,data/raw/DB1_B/103_4.tif,31.0,35.0,36.0,40.0,4.0,1.0,4.0,9.0,success,,,,,,True,374x388,uint8,0.08759300000383519,1.564379800001916,1.6530423999938648
DB1_B,103_5.tif,data/raw/DB1_B/103_5.tif,67.0,65.0,65.0,64.0,-2.0,0.0,-1.0,-3.0,success,,,,,,True,374x388,uint8,0.08993430000555236,1.6154804000034346,1.7064486000017496
DB1_B,103_6.tif,data/raw/DB1_B/103_6.tif,76.0,73.0,73.0,76.0,-3.0,0.0,3.0,0.0,success,,,,,,True,374x388,uint8,0.08341379999910714,1.646579300002486,1.730959399996209
DB1_B,103_7.tif,data/raw/DB1_B/103_7.tif,59.0,63.0,64.0,64.0,4.0,1.0,0.0,5.0,success,,,,,,True,374x388,uint8,0.10356119999778457,1.605934300001536,1.7107031000050483
DB1_B,103_8.tif,data/raw/DB1_B/103_8.tif,42.0,47.0,43.0,47.0,5.0,-4.0,4.0,5.0,success,,,,,,True,374x388,uint8,0.085584899999958,1.55091469999752,1.6376156000042101
DB1_B,104_1.tif,data/raw/DB1_B/104_1.tif,79.0,85.0,82.0,87.0,6.0,-3.0,5.0,8.0,success,,,,,,True,374x388,uint8,0.08715790000132984,1.5961842000033357,1.6843682000035187
DB1_B,104_2.tif,data/raw/DB1_B/104_2.tif,74.0,74.0,75.0,85.0,0.0,1.0,10.0,11.0,success,,,,,,True,374x388,uint8,0.08675510000466602,1.6244651999950293,1.7121418000024278
DB1_B,104_3.tif,data/raw/DB1_B/104_3.tif,74.0,82.0,81.0,69.0,8.0,-1.0,-12.0,-5.0,success,,,,,,True,374x388,uint8,0.10411800000292715,1.6021860999971977,1.7076013999976567
DB1_B,104_4.tif,data/raw/DB1_B/104_4.tif,73.0,82.0,88.0,86.0,9.0,6.0,-2.0,13.0,success,,,,,,True,374x388,uint8,0.08007969999744091,1.597853600003873,1.6788933999996516
DB1_B,104_5.tif,data/raw/DB1_B/104_5.tif,66.0,73.0,69.0,71.0,7.0,-4.0,2.0,5.0,success,,,,,,True,374x388,uint8,0.079939999995986,1.5677250999942771,1.6486270999957924
DB1_B,104_6.tif,data/raw/DB1_B/104_6.tif,63.0,73.0,74.0,67.0,10.0,1.0,-7.0,4.0,success,,,,,,True,374x388,uint8,0.08033769999747165,1.624632200000633,1.7059564000010141
DB1_B,104_7.tif,data/raw/DB1_B/104_7.tif,76.0,66.0,68.0,69.0,-10.0,2.0,1.0,-7.0,success,,,,,,True,374x388,uint8,0.08380300000135321,1.674051399997552,1.7591314000019338
DB1_B,104_8.tif,data/raw/DB1_B/104_8.tif,69.0,64.0,67.0,71.0,-5.0,3.0,4.0,2.0,success,,,,,,True,374x388,uint8,0.0935749999989639,1.6531847000005655,1.7476648000010755
DB1_B,105_1.tif,data/raw/DB1_B/105_1.tif,48.0,51.0,51.0,43.0,3.0,0.0,-8.0,-5.0,success,,,,,,True,374x388,uint8,0.0809640000006766,1.6255836000054842,1.7075576999995974
DB1_B,105_2.tif,data/raw/DB1_B/105_2.tif,80.0,78.0,78.0,77.0,-2.0,0.0,-1.0,-3.0,success,,,,,,True,374x388,uint8,0.07592479999584612,1.6210591999988537,1.6979405000020051
DB1_B,105_3.tif,data/raw/DB1_B/105_3.tif,77.0,75.0,76.0,75.0,-2.0,1.0,-1.0,-2.0,success,,,,,,True,374x388,uint8,0.0842354999986128,1.6002269000018714,1.685681899994961
DB1_B,105_4.tif,data/raw/DB1_B/105_4.tif,55.0,57.0,54.0,57.0,2.0,-3.0,3.0,2.0,success,,,,,,True,374x388,uint8,0.07703200000105426,1.600173899998481,1.6785376999978325
DB1_B,105_5.tif,data/raw/DB1_B/105_5.tif,64.0,59.0,64.0,64.0,-5.0,5.0,0.0,0.0,success,,,,,,True,374x388,uint8,0.07627789999969536,1.6310530999980983,1.7079354000015883
DB1_B,105_6.tif,data/raw/DB1_B/105_6.tif,50.0,46.0,47.0,43.0,-4.0,1.0,-4.0,-7.0,success,,,,,,True,374x388,uint8,0.07435560000158148,1.5879401999991387,1.6632905999940704
DB1_B,105_7.tif,data/raw/DB1_B/105_7.tif,73.0,78.0,73.0,71.0,5.0,-5.0,-2.0,-2.0,success,,,,,,True,374x388,uint8,0.0825810999958776,1.6363483000022825,1.7200505000000703
DB1_B,105_8.tif,data/raw/DB1_B/105_8.tif,64.0,50.0,49.0,55.0,-14.0,-1.0,6.0,-9.0,success,,,,,,True,374x388,uint8,0.0893928999939817,1.7064080999989528,1.7973789000025135
DB1_B,106_1.tif,data/raw/DB1_B/106_1.tif,81.0,80.0,80.0,74.0,-1.0,0.0,-6.0,-7.0,success,,,,,,True,374x388,uint8,0.09038689999579219,1.7029081999935443,1.7943402000018978
DB1_B,106_2.tif,data/raw/DB1_B/106_2.tif,73.0,81.0,81.0,89.0,8.0,0.0,8.0,16.0,success,,,,,,True,374x388,uint8,0.08343479999894043,1.6501913000029163,1.7355798999997205
DB1_B,106_3.tif,data/raw/DB1_B/106_3.tif,79.0,80.0,75.0,78.0,1.0,-5.0,3.0,-1.0,success,,,,,,True,374x388,uint8,0.08133189999352908,1.636507100003655,1.7187906000035582
DB1_B,106_4.tif,data/raw/DB1_B/106_4.tif,77.0,77.0,86.0,76.0,0.0,9.0,-10.0,-1.0,success,,,,,,True,374x388,uint8,0.08545340000273427,1.5906774999966729,1.6770955000029062
DB1_B,106_5.tif,data/raw/DB1_B/106_5.tif,71.0,75.0,86.0,73.0,4.0,11.0,-13.0,2.0,success,,,,,,True,374x388,uint8,0.08633579999877838,1.6200623999975505,1.7073797999983071
DB1_B,106_6.tif,data/raw/DB1_B/106_6.tif,72.0,82.0,79.0,79.0,10.0,-3.0,0.0,7.0,success,,,,,,True,374x388,uint8,0.08004490000166697,1.606945799998357,1.6882962999952724
DB1_B,106_7.tif,data/raw/DB1_B/106_7.tif,76.0,82.0,80.0,81.0,6.0,-2.0,1.0,5.0,success,,,,,,True,374x388,uint8,0.07700179999665124,1.5824510000020382,1.6604027999928803
DB1_B,106_8.tif,data/raw/DB1_B/106_8.tif,71.0,76.0,80.0,74.0,5.0,4.0,-6.0,3.0,success,,,,,,True,374x388,uint8,0.0860363999963738,1.584424199994828,1.671040900000662
DB1_B,107_1.tif,data/raw/DB1_B/107_1.tif,71.0,75.0,77.0,76.0,4.0,2.0,-1.0,5.0,success,,,,,,True,374x388,uint8,0.08598290000372799,1.6028297000011662,1.6897632999971393
DB1_B,107_2.tif,data/raw/DB1_B/107_2.tif,74.0,74.0,74.0,69.0,0.0,0.0,-5.0,-5.0,success,,,,,,True,374x388,uint8,0.0797824999972363,1.5937981000024593,1.674675299997034
DB1_B,107_3.tif,data/raw/DB1_B/107_3.tif,54.0,73.0,75.0,74.0,19.0,2.0,-1.0,20.0,success,,,,,,True,374x388,uint8,0.08155270000133896,1.6054776000019046,1.6879544999974314
DB1_B,107_4.tif,data/raw/DB1_B/107_4.tif,73.0,72.0,72.0,72.0,-1.0,0.0,0.0,-1.0,success,,,,,,True,374x388,uint8,0.08405599999969127,1.5980312999963644,1.6831103999938932
DB1_B,107_5.tif,data/raw/DB1_B/107_5.tif,60.0,60.0,58.0,61.0,0.0,-2.0,3.0,1.0,success,,,,,,True,374x388,uint8,0.07466069999645697,1.5750549000003957,1.6506511000043247
DB1_B,107_6.tif,data/raw/DB1_B/107_6.tif,73.0,87.0,86.0,89.0,14.0,-1.0,3.0,16.0,success,,,,,,True,374x388,uint8,0.0835162000003038,1.625404600003094,1.7099221999960719
DB1_B,107_7.tif,data/raw/DB1_B/107_7.tif,76.0,80.0,80.0,80.0,4.0,0.0,0.0,4.0,success,,,,,,True,374x388,uint8,0.08141250000335276,1.6417762999990373,1.7239942999949562
DB1_B,107_8.tif,data/raw/DB1_B/107_8.tif,51.0,43.0,41.0,42.0,-8.0,-2.0,1.0,-9.0,success,,,,,,True,374x388,uint8,0.07730289999744855,1.595528400001058,1.6738775999983773
DB1_B,108_1.tif,data/raw/DB1_B/108_1.tif,71.0,71.0,75.0,69.0,0.0,4.0,-6.0,-2.0,success,,,,,,True,374x388,uint8,0.09121990000130609,1.6162378000008175,1.7084239999967394
DB1_B,108_2.tif,data/raw/DB1_B/108_2.tif,79.0,80.0,79.0,79.0,1.0,-1.0,0.0,0.0,success,,,,,,True,374x388,uint8,0.09793509999872185,1.6685513999982504,1.767404499994882
DB1_B,108_3.tif,data/raw/DB1_B/108_3.tif,82.0,68.0,69.0,74.0,-14.0,1.0,5.0,-8.0,success,,,,,,True,374x388,uint8,0.07940599999710685,1.6412061000009999,1.7225104000026477
DB1_B,108_4.tif,data/raw/DB1_B/108_4.tif,75.0,85.0,85.0,83.0,10.0,0.0,-2.0,8.0,success,,,,,,True,374x388,uint8,0.08430950000183657,1.6984926000004634,1.7837201000002096
DB1_B,108_5.tif,data/raw/DB1_B/108_5.tif,44.0,71.0,72.0,66.0,27.0,1.0,-6.0,22.0,success,,,,,,True,374x388,uint8,0.0781187000029604,1.63618399999541,1.715392800004338
DB1_B,108_6.tif,data/raw/DB1_B/108_6.tif,78.0,83.0,90.0,84.0,5.0,7.0,-6.0,6.0,success,,,,,,True,374x388,uint8,0.0827763999986928,1.6773926000023494,1.7611452999990433
DB1_B,108_7.tif,data/raw/DB1_B/108_7.tif,68.0,73.0,74.0,83.0,5.0,1.0,9.0,15.0,success,,,,,,True,374x388,uint8,0.049537600003532134,1.6480946999945445,1.6982158999962849
DB1_B,108_8.tif,data/raw/DB1_B/108_8.tif,79.0,83.0,86.0,87.0,4.0,3.0,1.0,8.0,success,,,,,,True,374x388,uint8,0.049569799994060304,1.6116351000018767,1.661774799998966
DB1_B,109_1.tif,data/raw/DB1_B/109_1.tif,42.0,40.0,40.0,41.0,-2.0,0.0,1.0,-1.0,success,,,,,,True,374x388,uint8,0.047870499998680316,1.5824256999985664,1.6309080999999424
DB1_B,109_2.tif,data/raw/DB1_B/109_2.tif,67.0,62.0,66.0,62.0,-5.0,4.0,-4.0,-5.0,success,,,,,,True,374x388,uint8,0.04787470000155736,1.5812383000011323,1.6296483999976772
DB1_B,109_3.tif,data/raw/DB1_B/109_3.tif,37.0,44.0,43.0,38.0,7.0,-1.0,-5.0,1.0,success,,,,,,True,374x388,uint8,0.04934749999665655,1.6034224000031827,1.6533517999996548
DB1_B,109_4.tif,data/raw/DB1_B/109_4.tif,27.0,40.0,40.0,36.0,13.0,0.0,-4.0,9.0,success,,,,,,True,374x388,uint8,0.049924899998586625,1.5827798000027542,1.633213599998271
DB1_B,109_5.tif,data/raw/DB1_B/109_5.tif,57.0,63.0,58.0,58.0,6.0,-5.0,0.0,1.0,success,,,,,,True,374x388,uint8,0.04944190000242088,1.5807485999976052,1.6307572000005166
DB1_B,109_6.tif,data/raw/DB1_B/109_6.tif,15.0,15.0,16.0,13.0,0.0,1.0,-3.0,-2.0,success,,,,,,True,374x388,uint8,0.04857129999436438,1.5558020999960718,1.605022399999143
DB1_B,109_7.tif,data/raw/DB1_B/109_7.tif,65.0,65.0,66.0,68.0,0.0,1.0,2.0,3.0,success,,,,,,True,374x388,uint8,0.05403449999721488,1.5697590000054333,1.62439770000492
DB1_B,109_8.tif,data/raw/DB1_B/109_8.tif,33.0,36.0,37.0,37.0,3.0,1.0,0.0,4.0,success,,,,,,True,374x388,uint8,0.04825680000067223,1.5822237999964273,1.631006100004015
DB1_B,110_1.tif,data/raw/DB1_B/110_1.tif,49.0,52.0,53.0,56.0,3.0,1.0,3.0,7.0,success,,,,,,True,374x388,uint8,0.051228500000433996,1.6275642999971751,1.6793629999956465
DB1_B,110_2.tif,data/raw/DB1_B/110_2.tif,53.0,59.0,56.0,59.0,6.0,-3.0,3.0,6.0,success,,,,,,True,374x388,uint8,0.048988499998813495,1.596089700004086,1.645599100003892
DB1_B,110_3.tif,data/raw/DB1_B/110_3.tif,53.0,65.0,62.0,60.0,12.0,-3.0,-2.0,7.0,success,,,,,,True,374x388,uint8,0.0516490999943926,1.5924768000040785,1.6446595000015805
DB1_B,110_4.tif,data/raw/DB1_B/110_4.tif,51.0,62.0,64.0,66.0,11.0,2.0,2.0,15.0,success,,,,,,True,374x388,uint8,0.04834619999746792,1.5946588999941014,1.6435367000012775
DB1_B,110_5.tif,data/raw/DB1_B/110_5.tif,55.0,55.0,55.0,56.0,0.0,0.0,1.0,1.0,success,,,,,,True,374x388,uint8,0.05221569999412168,1.5839026000030572,1.6366374999997788
DB1_B,110_6.tif,data/raw/DB1_B/110_6.tif,54.0,53.0,54.0,57.0,-1.0,1.0,3.0,3.0,success,,,,,,True,374x388,uint8,0.049927200001548044,1.5888582000043243,1.6393441000036546
DB1_B,110_7.tif,data/raw/DB1_B/110_7.tif,81.0,85.0,92.0,88.0,4.0,7.0,-4.0,7.0,success,,,,,,True,374x388,uint8,0.04915410000103293,1.6299519999956829,1.6797043999977177
DB1_B,110_8.tif,data/raw/DB1_B/110_8.tif,61.0,59.0,57.0,57.0,-2.0,-2.0,0.0,-4.0,success,,,,,,True,374x388,uint8,0.05017550000047777,1.6113492000004044,1.6620724000022165
DB2_B,101_1.tif,data/raw/DB2_B/101_1.tif,71.0,80.0,80.0,78.0,9.0,0.0,-2.0,7.0,success,,,,,,True,560x296,uint8,0.06548109999857843,1.693539800005965,1.7596560000019963
DB2_B,101_2.tif,data/raw/DB2_B/101_2.tif,70.0,75.0,75.0,72.0,5.0,0.0,-3.0,2.0,success,,,,,,True,560x296,uint8,0.06744400000025053,1.671246700003394,1.7393068000019412
DB2_B,101_3.tif,data/raw/DB2_B/101_3.tif,59.0,78.0,78.0,72.0,19.0,0.0,-6.0,13.0,success,,,,,,True,560x296,uint8,0.06511429999954998,1.6577974999963772,1.7234806999986176
DB2_B,101_4.tif,data/raw/DB2_B/101_4.tif,68.0,72.0,72.0,78.0,4.0,0.0,6.0,10.0,success,,,,,,True,560x296,uint8,0.06313020000379765,1.6797195999970427,1.7434485999983735
DB2_B,101_5.tif,data/raw/DB2_B/101_5.tif,75.0,74.0,74.0,71.0,-1.0,0.0,-3.0,-4.0,success,,,,,,True,560x296,uint8,0.06359980000706855,1.6677693000019644,1.7319301000025007
DB2_B,101_6.tif,data/raw/DB2_B/101_6.tif,63.0,66.0,66.0,57.0,3.0,0.0,-9.0,-6.0,success,,,,,,True,560x296,uint8,0.06419699999969453,1.6635220999960438,1.7282718999995268
DB2_B,101_7.tif,data/raw/DB2_B/101_7.tif,21.0,40.0,40.0,47.0,19.0,0.0,7.0,26.0,success,,,,,,True,560x296,uint8,0.06861039999785135,1.6685558999961358,1.7378300999989733
DB2_B,101_8.tif,data/raw/DB2_B/101_8.tif,21.0,42.0,42.0,47.0,21.0,0.0,5.0,26.0,success,,,,,,True,560x296,uint8,0.06541180000203894,1.6869468000004417,1.7529957000006107
DB2_B,102_1.tif,data/raw/DB2_B/102_1.tif,68.0,73.0,73.0,67.0,5.0,0.0,-6.0,-1.0,success,,,,,,True,560x296,uint8,0.06456299999990733,1.6629264000002877,1.728133099997649
DB2_B,102_2.tif,data/raw/DB2_B/102_2.tif,63.0,63.0,63.0,61.0,0.0,0.0,-2.0,-2.0,success,,,,,,True,560x296,uint8,0.06336549999832641,1.6622448999987682,1.7262555999986944
DB2_B,102_3.tif,data/raw/DB2_B/102_3.tif,63.0,67.0,67.0,66.0,4.0,0.0,-1.0,3.0,success,,,,,,True,560x296,uint8,0.06318199999805074,1.6791269999957876,1.742938100003812
DB2_B,102_4.tif,data/raw/DB2_B/102_4.tif,60.0,73.0,73.0,73.0,13.0,0.0,0.0,13.0,success,,,,,,True,560x296,uint8,0.0672262999942177,1.649776700003713,1.7175485999978264
DB2_B,102_5.tif,data/raw/DB2_B/102_5.tif,73.0,68.0,68.0,72.0,-5.0,0.0,4.0,-1.0,success,,,,,,True,560x296,uint8,0.06290509999962524,1.686718099997961,1.7501880999989226
DB2_B,102_6.tif,data/raw/DB2_B/102_6.tif,66.0,67.0,67.0,75.0,1.0,0.0,8.0,9.0,success,,,,,,True,560x296,uint8,0.06480329999612877,1.6727536999969743,1.7381772000007913
DB2_B,102_7.tif,data/raw/DB2_B/102_7.tif,78.0,68.0,68.0,72.0,-10.0,0.0,4.0,-6.0,success,,,,,,True,560x296,uint8,0.06433619999734219,1.667632999997295,1.7326287000032607
DB2_B,102_8.tif,data/raw/DB2_B/102_8.tif,57.0,57.0,57.0,65.0,0.0,0.0,8.0,8.0,success,,,,,,True,560x296,uint8,0.06352139999944484,1.6724513999943156,1.736608699997305
DB2_B,103_1.tif,data/raw/DB2_B/103_1.tif,56.0,67.0,67.0,68.0,11.0,0.0,1.0,12.0,success,,,,,,True,560x296,uint8,0.06454890000168234,1.6644381000005524,1.7295968999969773
DB2_B,103_2.tif,data/raw/DB2_B/103_2.tif,48.0,57.0,57.0,58.0,9.0,0.0,1.0,10.0,success,,,,,,True,560x296,uint8,0.06427789999725064,1.6627747000020463,1.7276093999971636
DB2_B,103_3.tif,data/raw/DB2_B/103_3.tif,56.0,68.0,64.0,67.0,12.0,-4.0,3.0,11.0,success,,,,,,True,560x296,uint8,0.06416570000146748,1.6465704000002006,1.7113847000000533
DB2_B,103_4.tif,data/raw/DB2_B/103_4.tif,55.0,61.0,61.0,61.0,6.0,0.0,0.0,6.0,success,,,,,,True,560x296,uint8,0.06397629999992205,1.6581678000002285,1.7227955999987898
DB2_B,103_5.tif,data/raw/DB2_B/103_5.tif,40.0,46.0,46.0,52.0,6.0,0.0,6.0,12.0,success,,,,,,True,560x296,uint8,0.06377929999871412,1.6529089999967255,1.7173301000002539
DB2_B,103_6.tif,data/raw/DB2_B/103_6.tif,48.0,60.0,60.0,62.0,12.0,0.0,2.0,14.0,success,,,,,,True,560x296,uint8,0.06660169999668142,1.6500063999992562,1.717233399998804
DB2_B,103_7.tif,data/raw/DB2_B/103_7.tif,49.0,58.0,58.0,56.0,9.0,0.0,-2.0,7.0,success,,,,,,True,560x296,uint8,0.062114299995300826,1.6599298000001,1.7225999999936903
DB2_B,103_8.tif,data/raw/DB2_B/103_8.tif,38.0,51.0,51.0,51.0,13.0,0.0,0.0,13.0,success,,,,,,True,560x296,uint8,0.06103609999991022,1.6396343000014895,1.7012185000057798
DB2_B,104_1.tif,data/raw/DB2_B/104_1.tif,58.0,60.0,60.0,67.0,2.0,0.0,7.0,9.0,success,,,,,,True,560x296,uint8,0.06242009999550646,1.6497122000000672,1.7128711000041221
DB2_B,104_2.tif,data/raw/DB2_B/104_2.tif,64.0,75.0,75.0,71.0,11.0,0.0,-4.0,7.0,success,,,,,,True,560x296,uint8,0.06359130000055302,1.6435319999945932,1.7077580999975908
DB2_B,104_3.tif,data/raw/DB2_B/104_3.tif,82.0,72.0,72.0,68.0,-10.0,0.0,-4.0,-14.0,success,,,,,,True,560x296,uint8,0.06550419999985024,1.6442338000051677,1.7106191999992006
DB2_B,104_4.tif,data/raw/DB2_B/104_4.tif,65.0,65.0,65.0,62.0,0.0,0.0,-3.0,-3.0,success,,,,,,True,560x296,uint8,0.06051799999841023,1.656239199997799,1.7173733999952674
DB2_B,104_5.tif,data/raw/DB2_B/104_5.tif,54.0,64.0,64.0,61.0,10.0,0.0,-3.0,7.0,success,,,,,,True,560x296,uint8,0.06285009999555768,1.6643722000007983,1.7277679000035278
DB2_B,104_6.tif,data/raw/DB2_B/104_6.tif,61.0,59.0,59.0,63.0,-2.0,0.0,4.0,2.0,success,,,,,,True,560x296,uint8,0.06147710000368534,1.645905200006382,1.7080077000064193
DB2_B,104_7.tif,data/raw/DB2_B/104_7.tif,69.0,55.0,55.0,56.0,-14.0,0.0,1.0,-13.0,success,,,,,,True,560x296,uint8,0.061211699998239055,1.62588390000019,1.687757200001215
DB2_B,104_8.tif,data/raw/DB2_B/104_8.tif,17.0,19.0,19.0,15.0,2.0,0.0,-4.0,-2.0,success,,,,,,True,560x296,uint8,0.06606360000296263,1.6460583000007318,1.7126677000051131
DB2_B,105_1.tif,data/raw/DB2_B/105_1.tif,62.0,59.0,59.0,68.0,-3.0,0.0,9.0,6.0,success,,,,,,True,560x296,uint8,0.06267959999968298,1.6457078999956138,1.70898959999613
DB2_B,105_2.tif,data/raw/DB2_B/105_2.tif,63.0,45.0,45.0,50.0,-18.0,0.0,5.0,-13.0,success,,,,,,True,560x296,uint8,0.06179659999907017,1.6397988999960944,1.7021508999969228
DB2_B,105_3.tif,data/raw/DB2_B/105_3.tif,59.0,59.0,59.0,63.0,0.0,0.0,4.0,4.0,success,,,,,,True,560x296,uint8,0.061922699998831376,1.6592540999990888,1.7217821000012918
DB2_B,105_4.tif,data/raw/DB2_B/105_4.tif,56.0,77.0,77.0,68.0,21.0,0.0,-9.0,12.0,success,,,,,,True,560x296,uint8,0.059951299997919705,1.6383399999976973,1.6989185999991605
DB2_B,105_5.tif,data/raw/DB2_B/105_5.tif,31.0,29.0,29.0,30.0,-2.0,0.0,1.0,-1.0,success,,,,,,True,560x296,uint8,0.06485450000036508,1.6504980999961845,1.7159585999979754
DB2_B,105_6.tif,data/raw/DB2_B/105_6.tif,52.0,51.0,51.0,57.0,-1.0,0.0,6.0,5.0,success,,,,,,True,560x296,uint8,0.06086510000022827,1.6362799999988056,1.697697399999015
DB2_B,105_7.tif,data/raw/DB2_B/105_7.tif,32.0,57.0,57.0,55.0,25.0,0.0,-2.0,23.0,success,,,,,,True,560x296,uint8,0.06136710000282619,1.6615609000000404,1.7235705999992206
DB2_B,105_8.tif,data/raw/DB2_B/105_8.tif,38.0,55.0,55.0,61.0,17.0,0.0,6.0,23.0,success,,,,,,True,560x296,uint8,0.06019240000023274,1.6524203000008129,1.7131555000014487
DB2_B,106_1.tif,data/raw/DB2_B/106_1.tif,44.0,65.0,65.0,69.0,21.0,0.0,4.0,25.0,success,,,,,,True,560x296,uint8,0.06198779999976978,1.6531020999973407,1.7156946000031894
DB2_B,106_2.tif,data/raw/DB2_B/106_2.tif,68.0,69.0,69.0,73.0,1.0,0.0,4.0,5.0,success,,,,,,True,560x296,uint8,0.0649180999971577,1.6534284000008483,1.7189856999975746
DB2_B,106_3.tif,data/raw/DB2_B/106_3.tif,66.0,68.0,68.0,67.0,2.0,0.0,-1.0,1.0,success,,,,,,True,560x296,uint8,0.06182519999856595,1.6443197000044165,1.7068119999967166
DB2_B,106_4.tif,data/raw/DB2_B/106_4.tif,52.0,60.0,60.0,58.0,8.0,0.0,-2.0,6.0,success,,,,,,True,560x296,uint8,0.06155420000141021,1.6583152999955928,1.7204272000017227
DB2_B,106_5.tif,data/raw/DB2_B/106_5.tif,55.0,52.0,52.0,55.0,-3.0,0.0,3.0,0.0,success,,,,,,True,560x296,uint8,0.06149400000140304,1.6563356000042404,1.7183731999975862
DB2_B,106_6.tif,data/raw/DB2_B/106_6.tif,43.0,55.0,55.0,56.0,12.0,0.0,1.0,13.0,success,,,,,,True,560x296,uint8,0.062300500001583714,1.6769843000001856,1.7398997000054806
DB2_B,106_7.tif,data/raw/DB2_B/106_7.tif,59.0,47.0,47.0,49.0,-12.0,0.0,2.0,-10.0,success,,,,,,True,560x296,uint8,0.06431419999717036,1.6419066000016755,1.706887899999856
DB2_B,106_8.tif,data/raw/DB2_B/106_8.tif,50.0,65.0,65.0,69.0,15.0,0.0,4.0,19.0,success,,,,,,True,560x296,uint8,0.0611709000004339,1.6607210000001942,1.722453599999426
DB2_B,107_1.tif,data/raw/DB2_B/107_1.tif,36.0,52.0,52.0,50.0,16.0,0.0,-2.0,14.0,success,,,,,,True,560x296,uint8,0.06022330000268994,1.6556110999954399,1.7163799999980256
DB2_B,107_2.tif,data/raw/DB2_B/107_2.tif,64.0,74.0,74.0,69.0,10.0,0.0,-5.0,5.0,success,,,,,,True,560x296,uint8,0.06280569999944419,1.6476810000021942,1.7110300999993342
DB2_B,107_3.tif,data/raw/DB2_B/107_3.tif,74.0,72.0,72.0,75.0,-2.0,0.0,3.0,1.0,success,,,,,,True,560x296,uint8,0.0612325999973109,1.6475466999982018,1.7094174000012572
DB2_B,107_4.tif,data/raw/DB2_B/107_4.tif,64.0,76.0,76.0,73.0,12.0,0.0,-3.0,9.0,success,,,,,,True,560x296,uint8,0.06276480000087759,1.6463069999954314,1.7096898000017973
DB2_B,107_5.tif,data/raw/DB2_B/107_5.tif,34.0,54.0,54.0,51.0,20.0,0.0,-3.0,17.0,success,,,,,,True,560x296,uint8,0.0614690000002156,1.648453800000425,1.710630499997933
DB2_B,107_6.tif,data/raw/DB2_B/107_6.tif,33.0,44.0,44.0,49.0,11.0,0.0,5.0,16.0,success,,,,,,True,560x296,uint8,0.06194260000484064,1.654535700006818,1.7170904999948107
DB2_B,107_7.tif,data/raw/DB2_B/107_7.tif,53.0,72.0,72.0,67.0,19.0,0.0,-5.0,14.0,success,,,,,,True,560x296,uint8,0.06218570000055479,1.6417767999955686,1.7045237999991514
DB2_B,107_8.tif,data/raw/DB2_B/107_8.tif,66.0,65.0,65.0,63.0,-1.0,0.0,-2.0,-3.0,success,,,,,,True,560x296,uint8,0.06208219999825815,1.6785946999953012,1.7414224999956787
DB2_B,108_1.tif,data/raw/DB2_B/108_1.tif,61.0,71.0,71.0,71.0,10.0,0.0,0.0,10.0,success,,,,,,True,560x296,uint8,0.0665517000015825,1.6550740000020596,1.722237000001769
DB2_B,108_2.tif,data/raw/DB2_B/108_2.tif,58.0,74.0,74.0,76.0,16.0,0.0,2.0,18.0,success,,,,,,True,560x296,uint8,0.06165119999786839,1.651594999995723,1.7138211999990745
DB2_B,108_3.tif,data/raw/DB2_B/108_3.tif,46.0,53.0,53.0,51.0,7.0,0.0,-2.0,5.0,success,,,,,,True,560x296,uint8,0.06158399999549147,1.664836000003561,1.727068500003952
DB2_B,108_4.tif,data/raw/DB2_B/108_4.tif,55.0,63.0,63.0,59.0,8.0,0.0,-4.0,4.0,success,,,,,,True,560x296,uint8,0.061069199997291435,1.6467907999976887,1.7084904000003007
DB2_B,108_5.tif,data/raw/DB2_B/108_5.tif,52.0,56.0,56.0,58.0,4.0,0.0,2.0,6.0,success,,,,,,True,560x296,uint8,0.06195830000069691,1.6556087999997544,1.7181719000000157
DB2_B,108_6.tif,data/raw/DB2_B/108_6.tif,58.0,67.0,67.0,54.0,9.0,0.0,-13.0,-4.0,success,,,,,,True,560x296,uint8,0.06930219999776455,1.6508609000011347,1.7208089000050677
DB2_B,108_7.tif,data/raw/DB2_B/108_7.tif,68.0,67.0,67.0,62.0,-1.0,0.0,-5.0,-6.0,success,,,,,,True,560x296,uint8,0.061980900005437434,1.6600279999984195,1.7226251000029151
DB2_B,108_8.tif,data/raw/DB2_B/108_8.tif,35.0,48.0,48.0,50.0,13.0,0.0,2.0,15.0,success,,,,,,True,560x296,uint8,0.06335849999595666,1.6712004000000888,1.7351337000000058
DB2_B,109_1.tif,data/raw/DB2_B/109_1.tif,32.0,51.0,51.0,49.0,19.0,0.0,-2.0,17.0,success,,,,,,True,560x296,uint8,0.06169249999948079,1.6577900999982376,1.7201255000036326
DB2_B,109_2.tif,data/raw/DB2_B/109_2.tif,47.0,62.0,62.0,66.0,15.0,0.0,4.0,19.0,success,,,,,,True,560x296,uint8,0.06446190000133356,1.6405464999988908,1.705632199998945
DB2_B,109_3.tif,data/raw/DB2_B/109_3.tif,48.0,51.0,53.0,51.0,3.0,2.0,-2.0,3.0,success,,,,,,True,560x296,uint8,0.06511409999802709,1.6446786000014981,1.7104337999990094
DB2_B,109_4.tif,data/raw/DB2_B/109_4.tif,41.0,51.0,51.0,54.0,10.0,0.0,3.0,13.0,success,,,,,,True,560x296,uint8,0.06337789999815868,1.6303847000017413,1.6943912999995518
DB2_B,109_5.tif,data/raw/DB2_B/109_5.tif,52.0,41.0,41.0,44.0,-11.0,0.0,3.0,-8.0,success,,,,,,True,560x296,uint8,0.05969399999594316,1.620342400005029,1.6806655000036699
DB2_B,109_6.tif,data/raw/DB2_B/109_6.tif,17.0,32.0,32.0,29.0,15.0,0.0,-3.0,12.0,success,,,,,,True,560x296,uint8,0.061699800004134886,1.6324562000008882,1.6947733999986667
DB2_B,109_7.tif,data/raw/DB2_B/109_7.tif,21.0,45.0,45.0,51.0,24.0,0.0,6.0,30.0,success,,,,,,True,560x296,uint8,0.06497130000207108,1.637236100003065,1.7028245999972569
DB2_B,109_8.tif,data/raw/DB2_B/109_8.tif,9.0,7.0,7.0,9.0,-2.0,0.0,2.0,0.0,success,,,,,,True,560x296,uint8,0.06486589999985881,1.6703559999950812,1.7358486000011908
DB2_B,110_1.tif,data/raw/DB2_B/110_1.tif,47.0,59.0,59.0,59.0,12.0,0.0,0.0,12.0,success,,,,,,True,560x296,uint8,0.06230910000158474,1.6639804000005824,1.7268511000002036
DB2_B,110_2.tif,data/raw/DB2_B/110_2.tif,43.0,51.0,50.0,59.0,8.0,-1.0,9.0,16.0,success,,,,,,True,560x296,uint8,0.06083680000301683,1.6557022000051802,1.717123000002175
DB2_B,110_3.tif,data/raw/DB2_B/110_3.tif,33.0,51.0,51.0,54.0,18.0,0.0,3.0,21.0,success,,,,,,True,560x296,uint8,0.06517879999591969,1.645400499997777,1.7111522999985027
DB2_B,110_4.tif,data/raw/DB2_B/110_4.tif,30.0,31.0,34.0,42.0,1.0,3.0,8.0,12.0,success,,,,,,True,560x296,uint8,0.060696699998516124,1.647606899998209,1.7089064000028884
DB2_B,110_5.tif,data/raw/DB2_B/110_5.tif,33.0,33.0,33.0,38.0,0.0,0.0,5.0,5.0,success,,,,,,True,560x296,uint8,0.06492710000020452,1.6611955000043963,1.726776899995457
DB2_B,110_6.tif,data/raw/DB2_B/110_6.tif,24.0,19.0,20.0,27.0,-5.0,1.0,7.0,3.0,success,,,,,,True,560x296,uint8,0.06286759999784408,1.6500722999990103,1.7135004000010667
DB2_B,110_7.tif,data/raw/DB2_B/110_7.tif,26.0,34.0,32.0,37.0,8.0,-2.0,5.0,11.0,success,,,,,,True,560x296,uint8,0.06151979999413015,1.6474755999952322,1.709605999996711
DB2_B,110_8.tif,data/raw/DB2_B/110_8.tif,10.0,13.0,12.0,21.0,3.0,-1.0,9.0,11.0,success,,,,,,True,560x296,uint8,0.0615923000004841,1.6554942000002484,1.7176418999952148
DB3_B,101_1.tif,data/raw/DB3_B/101_1.tif,40.0,40.0,39.0,45.0,0.0,-1.0,6.0,5.0,success,,,,,,True,300x300,uint8,0.029225000005681068,1.5668647999991663,1.5965761999977985
DB3_B,101_2.tif,data/raw/DB3_B/101_2.tif,32.0,48.0,42.0,54.0,16.0,-6.0,12.0,22.0,success,,,,,,True,300x300,uint8,0.029901400004746392,1.5856953999973484,1.6160049000027357
DB3_B,101_3.tif,data/raw/DB3_B/101_3.tif,38.0,41.0,34.0,43.0,3.0,-7.0,9.0,5.0,success,,,,,,True,300x300,uint8,0.026985000004060566,1.588666400006332,1.61605719999352
DB3_B,101_4.tif,data/raw/DB3_B/101_4.tif,17.0,33.0,38.0,32.0,16.0,5.0,-6.0,15.0,success,,,,,,True,300x300,uint8,0.03183079999871552,1.5762023999996018,1.6085135000030277
DB3_B,101_5.tif,data/raw/DB3_B/101_5.tif,42.0,42.0,42.0,51.0,0.0,0.0,9.0,9.0,success,,,,,,True,300x300,uint8,0.025894899998093024,1.5653467000011005,1.5916675999978906
DB3_B,101_6.tif,data/raw/DB3_B/101_6.tif,38.0,35.0,37.0,40.0,-3.0,2.0,3.0,2.0,success,,,,,,True,300x300,uint8,0.027136099997733254,1.5605749000023934,1.5881226999990758
DB3_B,101_7.tif,data/raw/DB3_B/101_7.tif,30.0,38.0,41.0,44.0,8.0,3.0,3.0,14.0,success,,,,,,True,300x300,uint8,0.027534900000318885,1.5794927000024472,1.607450900002732
DB3_B,101_8.tif,data/raw/DB3_B/101_8.tif,20.0,31.0,32.0,42.0,11.0,1.0,10.0,22.0,success,,,,,,True,300x300,uint8,0.0264861000032397,1.5664426000003004,1.5933350999985123
DB3_B,102_1.tif,data/raw/DB3_B/102_1.tif,21.0,37.0,44.0,38.0,16.0,7.0,-6.0,17.0,success,,,,,,True,300x300,uint8,0.028701100003672764,1.5666277999989688,1.5958130999933928
DB3_B,102_2.tif,data/raw/DB3_B/102_2.tif,19.0,39.0,42.0,40.0,20.0,3.0,-2.0,21.0,success,,,,,,True,300x300,uint8,0.031883099996775854,1.5674760000038077,1.6000901000006706
DB3_B,102_3.tif,data/raw/DB3_B/102_3.tif,21.0,30.0,37.0,36.0,9.0,7.0,-1.0,15.0,success,,,,,,True,300x300,uint8,0.026099499998963438,1.568127699996694,1.5946385999995982
DB3_B,102_4.tif,data/raw/DB3_B/102_4.tif,26.0,33.0,40.0,41.0,7.0,7.0,1.0,15.0,success,,,,,,True,300x300,uint8,0.030283200001576915,1.5545424000010826,1.58529599999747
DB3_B,102_5.tif,data/raw/DB3_B/102_5.tif,44.0,53.0,43.0,49.0,9.0,-10.0,6.0,5.0,success,,,,,,True,300x300,uint8,0.02607720000378322,1.5595523000010871,1.5860524000017904
DB3_B,102_6.tif,data/raw/DB3_B/102_6.tif,45.0,65.0,60.0,69.0,20.0,-5.0,9.0,24.0,success,,,,,,True,300x300,uint8,0.028901700003189035,1.5779104000030202,1.6072663000013563
DB3_B,102_7.tif,data/raw/DB3_B/102_7.tif,12.0,29.0,28.0,32.0,17.0,-1.0,4.0,20.0,success,,,,,,True,300x300,uint8,0.026900700002443045,1.5813954999975977,1.608748700004071
DB3_B,102_8.tif,data/raw/DB3_B/102_8.tif,15.0,28.0,35.0,40.0,13.0,7.0,5.0,25.0,success,,,,,,True,300x300,uint8,0.02871170000435086,1.5771468000020832,1.6063977000012528
DB3_B,103_1.tif,data/raw/DB3_B/103_1.tif,30.0,44.0,42.0,46.0,14.0,-2.0,4.0,16.0,success,,,,,,True,300x300,uint8,0.028565900000103284,1.5899218999984441,1.6189114000007976
DB3_B,103_2.tif,data/raw/DB3_B/103_2.tif,28.0,35.0,36.0,46.0,7.0,1.0,10.0,18.0,success,,,,,,True,300x300,uint8,0.02640189999510767,1.5913683000035235,1.6181951000035042
DB3_B,103_3.tif,data/raw/DB3_B/103_3.tif,36.0,37.0,49.0,51.0,1.0,12.0,2.0,15.0,success,,,,,,True,300x300,uint8,0.030775599996559322,1.564020599995274,1.595253599996795
DB3_B,103_4.tif,data/raw/DB3_B/103_4.tif,52.0,64.0,51.0,56.0,12.0,-13.0,5.0,4.0,success,,,,,,True,300x300,uint8,0.028292599999986123,1.5808353000029456,1.6095698999997694
DB3_B,103_5.tif,data/raw/DB3_B/103_5.tif,38.0,30.0,39.0,37.0,-8.0,9.0,-2.0,-1.0,success,,,,,,True,300x300,uint8,0.030658199997560587,1.5784667000043555,1.609695000006468
DB3_B,103_6.tif,data/raw/DB3_B/103_6.tif,14.0,37.0,35.0,49.0,23.0,-2.0,14.0,35.0,success,,,,,,True,300x300,uint8,0.02897079999820562,1.5593173000015668,1.5887301999973715
DB3_B,103_7.tif,data/raw/DB3_B/103_7.tif,28.0,33.0,34.0,41.0,5.0,1.0,7.0,13.0,success,,,,,,True,300x300,uint8,0.028843100000813138,1.5759917000032146,1.605245200000354
DB3_B,103_8.tif,data/raw/DB3_B/103_8.tif,20.0,27.0,32.0,33.0,7.0,5.0,1.0,13.0,success,,,,,,True,300x300,uint8,0.028384600002027582,1.5617543000043952,1.5905759999950533
DB3_B,104_1.tif,data/raw/DB3_B/104_1.tif,34.0,49.0,48.0,64.0,15.0,-1.0,16.0,30.0,success,,,,,,True,300x300,uint8,0.030136599998513702,1.571681699999317,1.6022377000044798
DB3_B,104_2.tif,data/raw/DB3_B/104_2.tif,34.0,43.0,56.0,53.0,9.0,13.0,-3.0,19.0,success,,,,,,True,300x300,uint8,0.028742200003762264,1.566588599998795,1.5957318999935524
DB3_B,104_3.tif,data/raw/DB3_B/104_3.tif,19.0,40.0,42.0,45.0,21.0,2.0,3.0,26.0,success,,,,,,True,300x300,uint8,0.027223099998082034,1.5693582000021706,1.5970015000057174
DB3_B,104_4.tif,data/raw/DB3_B/104_4.tif,18.0,14.0,20.0,19.0,-4.0,6.0,-1.0,1.0,success,,,,,,True,300x300,uint8,0.026507299997319933,1.5620355000064592,1.5889676000006148
DB3_B,104_5.tif,data/raw/DB3_B/104_5.tif,39.0,43.0,48.0,57.0,4.0,5.0,9.0,18.0,success,,,,,,True,300x300,uint8,0.03239970000140602,1.5726441000006162,1.605527500003518
DB3_B,104_6.tif,data/raw/DB3_B/104_6.tif,26.0,32.0,40.0,33.0,6.0,8.0,-7.0,7.0,success,,,,,,True,300x300,uint8,0.025105699998675846,1.571918599998753,1.5974464999962947
DB3_B,104_7.tif,data/raw/DB3_B/104_7.tif,23.0,39.0,33.0,28.0,16.0,-6.0,-5.0,5.0,success,,,,,,True,300x300,uint8,0.030405199999222532,1.5817250000036438,1.612575699997251
DB3_B,104_8.tif,data/raw/DB3_B/104_8.tif,26.0,27.0,25.0,32.0,1.0,-2.0,7.0,6.0,success,,,,,,True,300x300,uint8,0.028567500005010515,1.560243799998716,1.5892890000031912
DB3_B,105_1.tif,data/raw/DB3_B/105_1.tif,15.0,22.0,29.0,25.0,7.0,7.0,-4.0,10.0,success,,,,,,True,300x300,uint8,0.026162900001509115,1.5672492000012426,1.5938330000062706
DB3_B,105_2.tif,data/raw/DB3_B/105_2.tif,20.0,23.0,29.0,32.0,3.0,6.0,3.0,12.0,success,,,,,,True,300x300,uint8,0.029006099997786805,1.579917300005036,1.6093677000026219
DB3_B,105_3.tif,data/raw/DB3_B/105_3.tif,18.0,36.0,37.0,42.0,18.0,1.0,5.0,24.0,success,,,,,,True,300x300,uint8,0.029441500002576504,1.5690622000038275,1.5989746999985073
DB3_B,105_4.tif,data/raw/DB3_B/105_4.tif,48.0,46.0,47.0,48.0,-2.0,1.0,1.0,0.0,success,,,,,,True,300x300,uint8,0.02623009999661008,1.5616748000029474,1.5883307000040077
DB3_B,105_5.tif,data/raw/DB3_B/105_5.tif,35.0,42.0,58.0,44.0,7.0,16.0,-14.0,9.0,success,,,,,,True,300x300,uint8,0.02893000000040047,1.5724451000060071,1.601893699997163
DB3_B,105_6.tif,data/raw/DB3_B/105_6.tif,33.0,53.0,52.0,53.0,20.0,-1.0,1.0,20.0,success,,,,,,True,300x300,uint8,0.02739819999987958,1.5678803000046173,1.5957436000026064
DB3_B,105_7.tif,data/raw/DB3_B/105_7.tif,32.0,37.0,34.0,39.0,5.0,-3.0,5.0,7.0,success,,,,,,True,300x300,uint8,0.02921030000288738,1.5628247999993619,1.5924859000006109
DB3_B,105_8.tif,data/raw/DB3_B/105_8.tif,32.0,33.0,36.0,31.0,1.0,3.0,-5.0,-1.0,success,,,,,,True,300x300,uint8,0.02606709999963641,1.5586423000058858,1.5851356999992277
DB3_B,106_1.tif,data/raw/DB3_B/106_1.tif,34.0,55.0,54.0,56.0,21.0,-1.0,2.0,22.0,success,,,,,,True,300x300,uint8,0.029306099997484125,1.5448268000036478,1.574607399998058
DB3_B,106_2.tif,data/raw/DB3_B/106_2.tif,32.0,39.0,48.0,46.0,7.0,9.0,-2.0,14.0,success,,,,,,True,300x300,uint8,0.028326100000413135,1.5642384999955539,1.5929901999988942
DB3_B,106_3.tif,data/raw/DB3_B/106_3.tif,29.0,41.0,53.0,54.0,12.0,12.0,1.0,25.0,success,,,,,,True,300x300,uint8,0.02667210000072373,1.5755480000007083,1.6027084000015748
DB3_B,106_4.tif,data/raw/DB3_B/106_4.tif,40.0,42.0,58.0,57.0,2.0,16.0,-1.0,17.0,success,,,,,,True,300x300,uint8,0.02875810000114143,1.563813000000664,1.5930138999974588
DB3_B,106_5.tif,data/raw/DB3_B/106_5.tif,19.0,27.0,30.0,39.0,8.0,3.0,9.0,20.0,success,,,,,,True,300x300,uint8,0.026216600002953783,1.5740513999990071,1.6006825000004028
DB3_B,106_6.tif,data/raw/DB3_B/106_6.tif,22.0,24.0,24.0,21.0,2.0,0.0,-3.0,-1.0,success,,,,,,True,300x300,uint8,0.028343499994662125,1.5679153999953996,1.596696200002043
DB3_B,106_7.tif,data/raw/DB3_B/106_7.tif,14.0,9.0,17.0,23.0,-5.0,8.0,6.0,9.0,success,,,,,,True,300x300,uint8,0.026247299996612128,1.5746443000025465,1.6013088000036078
DB3_B,106_8.tif,data/raw/DB3_B/106_8.tif,9.0,6.0,4.0,6.0,-3.0,-2.0,2.0,-3.0,success,,,,,,True,300x300,uint8,0.030948300001909956,1.5539006000035442,1.5857096000036108
DB3_B,107_1.tif,data/raw/DB3_B/107_1.tif,29.0,39.0,45.0,47.0,10.0,6.0,2.0,18.0,success,,,,,,True,300x300,uint8,0.026379099996120203,1.5587939999968512,1.5856176000015694
DB3_B,107_2.tif,data/raw/DB3_B/107_2.tif,14.0,23.0,29.0,36.0,9.0,6.0,7.0,22.0,success,,,,,,True,300x300,uint8,0.02844069999991916,1.5575355000037234,1.5863953000007314
DB3_B,107_3.tif,data/raw/DB3_B/107_3.tif,16.0,21.0,30.0,37.0,5.0,9.0,7.0,21.0,success,,,,,,True,300x300,uint8,0.027315200000884943,1.564908500004094,1.592795099997602
DB3_B,107_4.tif,data/raw/DB3_B/107_4.tif,32.0,42.0,44.0,52.0,10.0,2.0,8.0,20.0,success,,,,,,True,300x300,uint8,0.027033899998059496,1.5541348999977345,1.5815733000054024
DB3_B,107_5.tif,data/raw/DB3_B/107_5.tif,26.0,30.0,33.0,36.0,4.0,3.0,3.0,10.0,success,,,,,,True,300x300,uint8,0.027226700003666338,1.557309299998451,1.5850328999949852
DB3_B,107_6.tif,data/raw/DB3_B/107_6.tif,16.0,24.0,23.0,36.0,8.0,-1.0,13.0,20.0,success,,,,,,True,300x300,uint8,0.0293286000014632,1.564298500001314,1.5941084000005503
DB3_B,107_7.tif,data/raw/DB3_B/107_7.tif,12.0,21.0,18.0,22.0,9.0,-3.0,4.0,10.0,success,,,,,,True,300x300,uint8,0.027563399999053217,1.5611357000016142,1.5891411999982665
DB3_B,107_8.tif,data/raw/DB3_B/107_8.tif,9.0,15.0,16.0,16.0,6.0,1.0,0.0,7.0,success,,,,,,True,300x300,uint8,0.028494999998656567,1.5636824000030174,1.5925978000013856
DB3_B,108_1.tif,data/raw/DB3_B/108_1.tif,33.0,35.0,45.0,43.0,2.0,10.0,-2.0,10.0,success,,,,,,True,300x300,uint8,0.029736199998296797,1.5640124000055948,1.5941841000021668
DB3_B,108_2.tif,data/raw/DB3_B/108_2.tif,24.0,21.0,25.0,26.0,-3.0,4.0,1.0,2.0,success,,,,,,True,300x300,uint8,0.030210500000976026,1.56867400000192,1.5994341999976314
DB3_B,108_3.tif,data/raw/DB3_B/108_3.tif,5.0,11.0,13.0,23.0,6.0,2.0,10.0,18.0,success,,,,,,True,300x300,uint8,0.02936010000121314,1.581184700000449,1.6109639999995125
DB3_B,108_4.tif,data/raw/DB3_B/108_4.tif,9.0,12.0,12.0,11.0,3.0,0.0,-1.0,2.0,success,,,,,,True,300x300,uint8,0.029223600002296735,1.5664345999975922,1.596072299995285
DB3_B,108_5.tif,data/raw/DB3_B/108_5.tif,27.0,31.0,37.0,32.0,4.0,6.0,-5.0,5.0,success,,,,,,True,300x300,uint8,0.028314200004388113,1.5596917000002577,1.5884173000013107
DB3_B,108_6.tif,data/raw/DB3_B/108_6.tif,37.0,31.0,28.0,36.0,-6.0,-3.0,8.0,-1.0,success,,,,,,True,300x300,uint8,0.027682600004482083,1.5688490999964415,1.5970124999948894
DB3_B,108_7.tif,data/raw/DB3_B/108_7.tif,18.0,37.0,35.0,32.0,19.0,-2.0,-3.0,14.0,success,,,,,,True,300x300,uint8,0.03066009999747621,1.56830379999883,1.5994361999983084
DB3_B,108_8.tif,data/raw/DB3_B/108_8.tif,19.0,26.0,37.0,31.0,7.0,11.0,-6.0,12.0,success,,,,,,True,300x300,uint8,0.02661639999860199,1.5647005000064382,1.5917656999954488
DB3_B,109_1.tif,data/raw/DB3_B/109_1.tif,11.0,21.0,18.0,25.0,10.0,-3.0,7.0,14.0,success,,,,,,True,300x300,uint8,0.02907460000278661,1.565704699998605,1.5952646000005188
DB3_B,109_2.tif,data/raw/DB3_B/109_2.tif,17.0,20.0,18.0,26.0,3.0,-2.0,8.0,9.0,success,,,,,,True,300x300,uint8,0.027627100003883243,1.5743043999973452,1.6023432000001776
DB3_B,109_3.tif,data/raw/DB3_B/109_3.tif,15.0,13.0,16.0,17.0,-2.0,3.0,1.0,2.0,success,,,,,,True,300x300,uint8,0.028480400003900286,1.5695301000014297,1.5984421000030125
DB3_B,109_4.tif,data/raw/DB3_B/109_4.tif,20.0,21.0,24.0,23.0,1.0,3.0,-1.0,3.0,success,,,,,,True,300x300,uint8,0.028480699998908676,1.5582590000049095,1.5871416000009049
DB3_B,109_5.tif,data/raw/DB3_B/109_5.tif,31.0,46.0,45.0,48.0,15.0,-1.0,3.0,17.0,success,,,,,,True,300x300,uint8,0.03125880000152392,1.5751448000009987,1.6069301000025007
DB3_B,109_6.tif,data/raw/DB3_B/109_6.tif,38.0,45.0,44.0,46.0,7.0,-1.0,2.0,8.0,success,,,,,,True,300x300,uint8,0.02903850000438979,1.5692244000019855,1.5987313999939943
DB3_B,109_7.tif,data/raw/DB3_B/109_7.tif,11.0,11.0,12.0,19.0,0.0,1.0,7.0,8.0,success,,,,,,True,300x300,uint8,0.026549599999270868,1.5546100999999908,1.5816463000010117
DB3_B,109_8.tif,data/raw/DB3_B/109_8.tif,16.0,16.0,22.0,22.0,0.0,6.0,0.0,6.0,success,,,,,,True,300x300,uint8,0.028686999998171814,1.5497437999947579,1.5788706000021193
DB3_B,110_1.tif,data/raw/DB3_B/110_1.tif,12.0,15.0,16.0,25.0,3.0,1.0,9.0,13.0,success,,,,,,True,300x300,uint8,0.02604820000124164,1.5645521999977063,1.591041400002723
DB3_B,110_2.tif,data/raw/DB3_B/110_2.tif,17.0,10.0,16.0,12.0,-7.0,6.0,-4.0,-5.0,success,,,,,,True,300x300,uint8,0.02917909999814583,1.5751125999959186,1.6047752000013134
DB3_B,110_3.tif,data/raw/DB3_B/110_3.tif,11.0,9.0,9.0,7.0,-2.0,0.0,-2.0,-4.0,success,,,,,,True,300x300,uint8,0.029468299995642155,1.5747510000001057,1.6046715999982553
DB3_B,110_4.tif,data/raw/DB3_B/110_4.tif,19.0,17.0,18.0,20.0,-2.0,1.0,2.0,1.0,success,,,,,,True,300x300,uint8,0.02756770000269171,1.5605593000000226,1.5885823999997228
DB3_B,110_5.tif,data/raw/DB3_B/110_5.tif,,14.0,18.0,15.0,,4.0,-3.0,,nfiq2_partial,raw: Error: NFIQ2 computeUnifiedQualityScore returned an error code: Could not create feature set from raw data: FRFXLL_ERR_FB_TOO_SMALL_AREA: Fingerprint area is too small. Most likely this is because the tip of the finger is presented.,Error: NFIQ2 computeUnifiedQualityScore returned an error code: Could not create feature set from raw data: FRFXLL_ERR_FB_TOO_SMALL_AREA: Fingerprint area is too small. Most likely this is because the tip of the finger is presented.,,,,True,300x300,uint8,0.05554909999773372,1.5243824999997742,1.5812988999969093
DB3_B,110_6.tif,data/raw/DB3_B/110_6.tif,18.0,15.0,16.0,17.0,-3.0,1.0,1.0,-1.0,success,,,,,,True,300x300,uint8,0.028288099994824734,1.5624005000063335,1.5911217000029865
DB3_B,110_7.tif,data/raw/DB3_B/110_7.tif,17.0,10.0,8.0,9.0,-7.0,-2.0,1.0,-8.0,success,,,,,,True,300x300,uint8,0.02966539999761153,1.5755837000033353,1.6056857999938074
DB3_B,110_8.tif,data/raw/DB3_B/110_8.tif,11.0,14.0,20.0,15.0,3.0,6.0,-5.0,4.0,success,,,,,,True,300x300,uint8,0.026206300004560035,1.56764000000112,1.5942546000005677
DB4_B,101_1.tif,data/raw/DB4_B/101_1.tif,39.0,43.0,45.0,43.0,4.0,2.0,-2.0,4.0,success,,,,,,True,384x288,uint8,0.037183899999945424,1.579309300002933,1.6172510000033071
DB4_B,101_2.tif,data/raw/DB4_B/101_2.tif,39.0,37.0,34.0,40.0,-2.0,-3.0,6.0,1.0,success,,,,,,True,384x288,uint8,0.03298930000164546,1.5651066999998875,1.5986226000022725
DB4_B,101_3.tif,data/raw/DB4_B/101_3.tif,42.0,48.0,51.0,50.0,6.0,3.0,-1.0,8.0,success,,,,,,True,384x288,uint8,0.03582520000054501,1.608351599999878,1.6446395999955712
DB4_B,101_4.tif,data/raw/DB4_B/101_4.tif,50.0,55.0,58.0,64.0,5.0,3.0,6.0,14.0,success,,,,,,True,384x288,uint8,0.03620489999593701,1.6135195000024396,1.6501882000011392
DB4_B,101_5.tif,data/raw/DB4_B/101_5.tif,37.0,30.0,34.0,27.0,-7.0,4.0,-7.0,-10.0,success,,,,,,True,384x288,uint8,0.03565320000052452,1.596921399999701,1.6330257000008714
DB4_B,101_6.tif,data/raw/DB4_B/101_6.tif,37.0,48.0,50.0,43.0,11.0,2.0,-7.0,6.0,success,,,,,,True,384x288,uint8,0.03103199999895878,1.5852175999971223,1.6167045000038343
DB4_B,101_7.tif,data/raw/DB4_B/101_7.tif,37.0,34.0,35.0,37.0,-3.0,1.0,2.0,0.0,success,,,,,,True,384x288,uint8,0.03457110000454122,1.5835305000000517,1.618602100003045
DB4_B,101_8.tif,data/raw/DB4_B/101_8.tif,35.0,33.0,37.0,44.0,-2.0,4.0,7.0,9.0,success,,,,,,True,384x288,uint8,0.03382240000064485,1.5728329999983544,1.6071351999999024
DB4_B,102_1.tif,data/raw/DB4_B/102_1.tif,44.0,49.0,47.0,46.0,5.0,-2.0,-1.0,2.0,success,,,,,,True,384x288,uint8,0.03457219999836525,1.5825096999978996,1.6176054000025033
DB4_B,102_2.tif,data/raw/DB4_B/102_2.tif,42.0,49.0,48.0,49.0,7.0,-1.0,1.0,7.0,success,,,,,,True,384x288,uint8,0.033839399999124,1.5660802999991574,1.6004478000031668
DB4_B,102_3.tif,data/raw/DB4_B/102_3.tif,27.0,34.0,38.0,42.0,7.0,4.0,4.0,15.0,success,,,,,,True,384x288,uint8,0.03422829999908572,1.58420379999734,1.6188870999976643
DB4_B,102_4.tif,data/raw/DB4_B/102_4.tif,38.0,44.0,41.0,42.0,6.0,-3.0,1.0,4.0,success,,,,,,True,384x288,uint8,0.03405349999957252,1.5856402999997954,1.620180400001118
DB4_B,102_5.tif,data/raw/DB4_B/102_5.tif,29.0,45.0,45.0,41.0,16.0,0.0,-4.0,12.0,success,,,,,,True,384x288,uint8,0.03403509999770904,1.5694198999990476,1.603973199999018
DB4_B,102_6.tif,data/raw/DB4_B/102_6.tif,46.0,51.0,49.0,54.0,5.0,-2.0,5.0,8.0,success,,,,,,True,384x288,uint8,0.035780799997155555,1.5675074999962817,1.6037627999976394
DB4_B,102_7.tif,data/raw/DB4_B/102_7.tif,31.0,36.0,37.0,36.0,5.0,1.0,-1.0,5.0,success,,,,,,True,384x288,uint8,0.035035000000789296,1.5853388000032282,1.6208543999964604
DB4_B,102_8.tif,data/raw/DB4_B/102_8.tif,51.0,45.0,45.0,43.0,-6.0,0.0,-2.0,-8.0,success,,,,,,True,384x288,uint8,0.03449199999886332,1.6071606000041356,1.6421674999946845
DB4_B,103_1.tif,data/raw/DB4_B/103_1.tif,44.0,39.0,39.0,44.0,-5.0,0.0,5.0,0.0,success,,,,,,True,384x288,uint8,0.03228930000477703,1.5941261000043596,1.6269146999984514
DB4_B,103_2.tif,data/raw/DB4_B/103_2.tif,43.0,46.0,45.0,50.0,3.0,-1.0,5.0,7.0,success,,,,,,True,384x288,uint8,0.03399209999770392,1.6109144000001834,1.6453792999964207
DB4_B,103_3.tif,data/raw/DB4_B/103_3.tif,46.0,44.0,42.0,43.0,-2.0,-2.0,1.0,-3.0,success,,,,,,True,384x288,uint8,0.030947100000048522,1.584490100001858,1.6159019999977318
DB4_B,103_4.tif,data/raw/DB4_B/103_4.tif,34.0,44.0,47.0,49.0,10.0,3.0,2.0,15.0,success,,,,,,True,384x288,uint8,0.03580309999961173,1.5763420999937807,1.6126642000017455
DB4_B,103_5.tif,data/raw/DB4_B/103_5.tif,44.0,42.0,38.0,42.0,-2.0,-4.0,4.0,-2.0,success,,,,,,True,384x288,uint8,0.03487899999890942,1.578199700001278,1.6135987999950885
DB4_B,103_6.tif,data/raw/DB4_B/103_6.tif,38.0,42.0,45.0,46.0,4.0,3.0,1.0,8.0,success,,,,,,True,384x288,uint8,0.035260299999208655,1.5862120000019786,1.621920899997349
DB4_B,103_7.tif,data/raw/DB4_B/103_7.tif,43.0,40.0,39.0,38.0,-3.0,-1.0,-1.0,-5.0,success,,,,,,True,384x288,uint8,0.030869299996993504,1.5815260000017588,1.6128771000003326
DB4_B,103_8.tif,data/raw/DB4_B/103_8.tif,39.0,42.0,44.0,43.0,3.0,2.0,-1.0,4.0,success,,,,,,True,384x288,uint8,0.034778799999912735,1.586772499998915,1.6220466999948258
DB4_B,104_1.tif,data/raw/DB4_B/104_1.tif,20.0,38.0,38.0,28.0,18.0,0.0,-10.0,8.0,success,,,,,,True,384x288,uint8,0.03614210000523599,1.5683533999981591,1.6049962999968557
DB4_B,104_2.tif,data/raw/DB4_B/104_2.tif,40.0,35.0,35.0,49.0,-5.0,0.0,14.0,9.0,success,,,,,,True,384x288,uint8,0.03366470000037225,1.5672695000030217,1.601396999998542
DB4_B,104_3.tif,data/raw/DB4_B/104_3.tif,46.0,45.0,45.0,38.0,-1.0,0.0,-7.0,-8.0,success,,,,,,True,384x288,uint8,0.035817099997075275,1.5865565999993123,1.6228295999972033
DB4_B,104_4.tif,data/raw/DB4_B/104_4.tif,45.0,40.0,43.0,50.0,-5.0,3.0,7.0,5.0,success,,,,,,True,384x288,uint8,0.035559900003136136,1.5702013999980409,1.6062099000046146
DB4_B,104_5.tif,data/raw/DB4_B/104_5.tif,46.0,39.0,37.0,42.0,-7.0,-2.0,5.0,-4.0,success,,,,,,True,384x288,uint8,0.03240219999861438,1.5922328000015114,1.6250923999978113
DB4_B,104_6.tif,data/raw/DB4_B/104_6.tif,31.0,32.0,31.0,29.0,1.0,-1.0,-2.0,-2.0,success,,,,,,True,384x288,uint8,0.030505499998980667,1.5808819999947445,1.6118495000046096
DB4_B,104_7.tif,data/raw/DB4_B/104_7.tif,33.0,38.0,41.0,37.0,5.0,3.0,-4.0,4.0,success,,,,,,True,384x288,uint8,0.03438010000536451,1.5880088999983855,1.6229280999978073
DB4_B,104_8.tif,data/raw/DB4_B/104_8.tif,36.0,37.0,35.0,36.0,1.0,-2.0,1.0,0.0,success,,,,,,True,384x288,uint8,0.03530289999616798,1.5793572999973549,1.6151482999994187
DB4_B,105_1.tif,data/raw/DB4_B/105_1.tif,19.0,15.0,17.0,17.0,-4.0,2.0,0.0,-2.0,success,,,,,,True,384x288,uint8,0.03484100000059698,1.5885992999974405,1.6239473999958136
DB4_B,105_2.tif,data/raw/DB4_B/105_2.tif,24.0,44.0,35.0,41.0,20.0,-9.0,6.0,17.0,success,,,,,,True,384x288,uint8,0.03396280000015395,1.5963712000011583,1.6308111000034842
DB4_B,105_3.tif,data/raw/DB4_B/105_3.tif,29.0,33.0,33.0,33.0,4.0,0.0,0.0,4.0,success,,,,,,True,384x288,uint8,0.03432660000544274,1.5983185000004596,1.6331015000032494
DB4_B,105_4.tif,data/raw/DB4_B/105_4.tif,27.0,34.0,35.0,33.0,7.0,1.0,-2.0,6.0,success,,,,,,True,384x288,uint8,0.03456890000234125,1.5968805000011344,1.6319436999983736
DB4_B,105_5.tif,data/raw/DB4_B/105_5.tif,33.0,38.0,39.0,36.0,5.0,1.0,-3.0,3.0,success,,,,,,True,384x288,uint8,0.03477720000228146,1.5822480999995605,1.6175225999977556
DB4_B,105_6.tif,data/raw/DB4_B/105_6.tif,26.0,44.0,43.0,41.0,18.0,-1.0,-2.0,15.0,success,,,,,,True,384x288,uint8,0.035079199995379895,1.576331800002663,1.6119182999973418
DB4_B,105_7.tif,data/raw/DB4_B/105_7.tif,29.0,30.0,26.0,31.0,1.0,-4.0,5.0,2.0,success,,,,,,True,384x288,uint8,0.03430980000121053,1.5958439000023645,1.6306485000022803
DB4_B,105_8.tif,data/raw/DB4_B/105_8.tif,30.0,37.0,31.0,33.0,7.0,-6.0,2.0,3.0,success,,,,,,True,384x288,uint8,0.036095399998885114,1.5868352000034065,1.6234324000033666
DB4_B,106_1.tif,data/raw/DB4_B/106_1.tif,14.0,30.0,28.0,34.0,16.0,-2.0,6.0,20.0,success,,,,,,True,384x288,uint8,0.033452900002885144,1.5703555000000051,1.6042597999985446
DB4_B,106_2.tif,data/raw/DB4_B/106_2.tif,24.0,39.0,41.0,41.0,15.0,2.0,0.0,17.0,success,,,,,,True,384x288,uint8,0.03313120000530034,1.578265600001032,1.611844300001394
DB4_B,106_3.tif,data/raw/DB4_B/106_3.tif,24.0,39.0,40.0,41.0,15.0,1.0,1.0,17.0,success,,,,,,True,384x288,uint8,0.03310090000013588,1.5846612000023015,1.6182165999998688
DB4_B,106_4.tif,data/raw/DB4_B/106_4.tif,37.0,35.0,38.0,36.0,-2.0,3.0,-2.0,-1.0,success,,,,,,True,384x288,uint8,0.032724800003052223,1.5768281999989995,1.6100770000048215
DB4_B,106_5.tif,data/raw/DB4_B/106_5.tif,19.0,28.0,30.0,26.0,9.0,2.0,-4.0,7.0,success,,,,,,True,384x288,uint8,0.03453690000606002,1.5930063999985578,1.6280180000030668
DB4_B,106_6.tif,data/raw/DB4_B/106_6.tif,23.0,35.0,36.0,39.0,12.0,1.0,3.0,16.0,success,,,,,,True,384x288,uint8,0.03537819999473868,1.5896907999995165,1.6255318000039551
DB4_B,106_7.tif,data/raw/DB4_B/106_7.tif,26.0,41.0,38.0,39.0,15.0,-3.0,1.0,13.0,success,,,,,,True,384x288,uint8,0.035330200000316836,1.589257899999211,1.6250548000025447
DB4_B,106_8.tif,data/raw/DB4_B/106_8.tif,28.0,32.0,32.0,34.0,4.0,0.0,2.0,6.0,success,,,,,,True,384x288,uint8,0.03174120000039693,1.6027354999969248,1.6349305000039749
DB4_B,107_1.tif,data/raw/DB4_B/107_1.tif,31.0,37.0,41.0,45.0,6.0,4.0,4.0,14.0,success,,,,,,True,384x288,uint8,0.0322535000013886,1.600762099995336,1.6335276999961934
DB4_B,107_2.tif,data/raw/DB4_B/107_2.tif,33.0,33.0,31.0,35.0,0.0,-2.0,4.0,2.0,success,,,,,,True,384x288,uint8,0.035618000001704786,1.5745524000012665,1.6106882999956724
DB4_B,107_3.tif,data/raw/DB4_B/107_3.tif,32.0,44.0,44.0,48.0,12.0,0.0,4.0,16.0,success,,,,,,True,384x288,uint8,0.0363467000061064,1.5929771000010078,1.6297905999963405
DB4_B,107_4.tif,data/raw/DB4_B/107_4.tif,26.0,39.0,33.0,33.0,13.0,-6.0,0.0,7.0,success,,,,,,True,384x288,uint8,0.03244289999565808,1.586041100003058,1.6190074999976787
DB4_B,107_5.tif,data/raw/DB4_B/107_5.tif,46.0,42.0,40.0,38.0,-4.0,-2.0,-2.0,-8.0,success,,,,,,True,384x288,uint8,0.03139040000678506,1.5849133000010625,1.6167413000002853
DB4_B,107_6.tif,data/raw/DB4_B/107_6.tif,47.0,47.0,46.0,56.0,0.0,-1.0,10.0,9.0,success,,,,,,True,384x288,uint8,0.03773180000280263,1.5891159999955562,1.6273724999991828
DB4_B,107_7.tif,data/raw/DB4_B/107_7.tif,18.0,38.0,36.0,34.0,20.0,-2.0,-2.0,16.0,success,,,,,,True,384x288,uint8,0.03431049999926472,1.6126207999986946,1.6474546999961603
DB4_B,107_8.tif,data/raw/DB4_B/107_8.tif,18.0,31.0,33.0,41.0,13.0,2.0,8.0,23.0,success,,,,,,True,384x288,uint8,0.033724100001563784,1.5854953000016394,1.6196584999997867
DB4_B,108_1.tif,data/raw/DB4_B/108_1.tif,31.0,31.0,33.0,36.0,0.0,2.0,3.0,5.0,success,,,,,,True,384x288,uint8,0.031954700003552716,1.56966989999637,1.6020754999990459
DB4_B,108_2.tif,data/raw/DB4_B/108_2.tif,23.0,24.0,29.0,31.0,1.0,5.0,2.0,8.0,success,,,,,,True,384x288,uint8,0.03411719999712659,1.5861169999989215,1.6206978999980493
DB4_B,108_3.tif,data/raw/DB4_B/108_3.tif,8.0,16.0,11.0,6.0,8.0,-5.0,-5.0,-2.0,success,,,,,,True,384x288,uint8,0.03492009999899892,1.5795684999975492,1.6149446999988868
DB4_B,108_4.tif,data/raw/DB4_B/108_4.tif,26.0,41.0,37.0,42.0,15.0,-4.0,5.0,16.0,success,,,,,,True,384x288,uint8,0.03240119999827584,1.5809905999994953,1.6139218000025721
DB4_B,108_5.tif,data/raw/DB4_B/108_5.tif,11.0,15.0,18.0,17.0,4.0,3.0,-1.0,6.0,success,,,,,,True,384x288,uint8,0.03677560000505764,1.5861048999940977,1.6234044000011636
DB4_B,108_6.tif,data/raw/DB4_B/108_6.tif,5.0,22.0,20.0,21.0,17.0,-2.0,1.0,16.0,success,,,,,,True,384x288,uint8,0.03404069999669446,1.576466700003948,1.6109748000017134
DB4_B,108_7.tif,data/raw/DB4_B/108_7.tif,28.0,35.0,34.0,31.0,7.0,-1.0,-3.0,3.0,success,,,,,,True,384x288,uint8,0.033692500001052395,1.577852399997937,1.6120191999943927
DB4_B,108_8.tif,data/raw/DB4_B/108_8.tif,43.0,31.0,35.0,41.0,-12.0,4.0,6.0,-2.0,success,,,,,,True,384x288,uint8,0.033102100001997314,1.5951468000057503,1.6287921000039205
DB4_B,109_1.tif,data/raw/DB4_B/109_1.tif,12.0,20.0,21.0,24.0,8.0,1.0,3.0,12.0,success,,,,,,True,384x288,uint8,0.03416080000170041,1.592481499996211,1.6271202999996603
DB4_B,109_2.tif,data/raw/DB4_B/109_2.tif,19.0,16.0,16.0,21.0,-3.0,0.0,5.0,2.0,success,,,,,,True,384x288,uint8,0.034984199999598786,1.628839799996058,1.6643653999999515
DB4_B,109_3.tif,data/raw/DB4_B/109_3.tif,24.0,32.0,30.0,30.0,8.0,-2.0,0.0,6.0,success,,,,,,True,384x288,uint8,0.0352978999944753,1.6080062000037287,1.6438583999988623
DB4_B,109_4.tif,data/raw/DB4_B/109_4.tif,5.0,14.0,8.0,13.0,9.0,-6.0,5.0,8.0,success,,,,,,True,384x288,uint8,0.035693000005267095,1.5866182999961893,1.6228166999935638
DB4_B,109_5.tif,data/raw/DB4_B/109_5.tif,24.0,40.0,41.0,41.0,16.0,1.0,0.0,17.0,success,,,,,,True,384x288,uint8,0.035110500000882894,1.573344399999769,1.6089970000030007
DB4_B,109_6.tif,data/raw/DB4_B/109_6.tif,9.0,6.0,6.0,8.0,-3.0,0.0,2.0,-1.0,success,,,,,,True,384x288,uint8,0.03778690000035567,1.5808391999962623,1.619085799997265
DB4_B,109_7.tif,data/raw/DB4_B/109_7.tif,14.0,16.0,17.0,15.0,2.0,1.0,-2.0,1.0,success,,,,,,True,384x288,uint8,0.03463170000031823,1.5833678999988479,1.6184863000016776
DB4_B,109_8.tif,data/raw/DB4_B/109_8.tif,31.0,36.0,41.0,38.0,5.0,5.0,-3.0,7.0,success,,,,,,True,384x288,uint8,0.037382100003014784,1.5763586000030045,1.6142590999952517
DB4_B,110_1.tif,data/raw/DB4_B/110_1.tif,5.0,7.0,7.0,10.0,2.0,0.0,3.0,5.0,success,,,,,,True,384x288,uint8,0.032033199997385964,1.5967142000008607,1.6292295000021113
DB4_B,110_2.tif,data/raw/DB4_B/110_2.tif,12.0,10.0,10.0,9.0,-2.0,0.0,-1.0,-3.0,success,,,,,,True,384x288,uint8,0.0349525999990874,1.596401100003277,1.6318807000061497
DB4_B,110_3.tif,data/raw/DB4_B/110_3.tif,3.0,6.0,8.0,7.0,3.0,2.0,-1.0,4.0,success,,,,,,True,384x288,uint8,0.033975699996517505,1.5856684000027599,1.6201682000028086
DB4_B,110_4.tif,data/raw/DB4_B/110_4.tif,3.0,2.0,1.0,2.0,-1.0,-1.0,1.0,-1.0,success,,,,,,True,384x288,uint8,0.03398369999922579,1.5840182000029017,1.6185301000004984
DB4_B,110_5.tif,data/raw/DB4_B/110_5.tif,5.0,6.0,4.0,6.0,1.0,-2.0,2.0,1.0,success,,,,,,True,384x288,uint8,0.033815900002082344,1.5750524000031874,1.6095506999990903
DB4_B,110_6.tif,data/raw/DB4_B/110_6.tif,8.0,20.0,19.0,17.0,12.0,-1.0,-2.0,9.0,success,,,,,,True,384x288,uint8,0.03484270000626566,1.5773374999989755,1.6126862999954028
DB4_B,110_7.tif,data/raw/DB4_B/110_7.tif,15.0,32.0,28.0,32.0,17.0,-4.0,4.0,17.0,success,,,,,,True,384x288,uint8,0.03262890000041807,1.5785428000017419,1.611615099995106
DB4_B,110_8.tif,data/raw/DB4_B/110_8.tif,22.0,38.0,37.0,44.0,16.0,-1.0,7.0,22.0,success,,,,,,True,384x288,uint8,0.03443439999682596,1.577590400003828,1.612522399998852
